-- MySQL dump 10.13  Distrib 8.0.33, for Win64 (x86_64)
--
-- Host: localhost    Database: xiaomi_store
-- ------------------------------------------------------
-- Server version	8.0.33

/*!40101 SET @OLD_CHARACTER_SET_CLIENT=@@CHARACTER_SET_CLIENT */;
/*!40101 SET @OLD_CHARACTER_SET_RESULTS=@@CHARACTER_SET_RESULTS */;
/*!40101 SET @OLD_COLLATION_CONNECTION=@@COLLATION_CONNECTION */;
/*!50503 SET NAMES utf8mb4 */;
/*!40103 SET @OLD_TIME_ZONE=@@TIME_ZONE */;
/*!40103 SET TIME_ZONE='+00:00' */;
/*!40014 SET @OLD_UNIQUE_CHECKS=@@UNIQUE_CHECKS, UNIQUE_CHECKS=0 */;
/*!40014 SET @OLD_FOREIGN_KEY_CHECKS=@@FOREIGN_KEY_CHECKS, FOREIGN_KEY_CHECKS=0 */;
/*!40101 SET @OLD_SQL_MODE=@@SQL_MODE, SQL_MODE='NO_AUTO_VALUE_ON_ZERO' */;
/*!40111 SET @OLD_SQL_NOTES=@@SQL_NOTES, SQL_NOTES=0 */;

--
-- Table structure for table `choices`
--
DROP TABLE IF EXISTS `choices`;
/*!40101 SET @saved_cs_client     = @@character_set_client */;
/*!50503 SET character_set_client = utf8mb4 */;
CREATE TABLE `choices` (
  `choice_name` varchar(100) CHARACTER SET utf8mb4 COLLATE utf8mb4_unicode_ci NOT NULL,
  `cid` varchar(200) CHARACTER SET utf8mb4 COLLATE utf8mb4_unicode_ci NOT NULL,
  `price` double NOT NULL,
  `old_price` double DEFAULT NULL,
  `oid` varchar(200) CHARACTER SET utf8mb4 COLLATE utf8mb4_unicode_ci NOT NULL,
  PRIMARY KEY (`cid`),
  KEY `oid` (`oid`)
) ENGINE=MyISAM DEFAULT CHARSET=utf8mb4 COLLATE=utf8mb4_unicode_ci;
/*!40101 SET character_set_client = @saved_cs_client */;

--
-- Dumping data for table `choices`
--

LOCK TABLES `choices` WRITE;
/*!40000 ALTER TABLE `choices` DISABLE KEYS */;
INSERT INTO `choices` VALUES ('12GB+256GB','109db096-f4dd-4171-af9f-24fabf7e7142',0,NULL,'7c160fa3-e5f4-4a33-9fa8-ecfc14380da4'),('16GB+512GB','c73b0c9d-9d91-46cd-a6bb-35352daed997',1000,NULL,'7c160fa3-e5f4-4a33-9fa8-ecfc14380da4'),('16GB+1TB','03cb6bd6-3eba-480f-87b8-5df76c15eee4',2000,NULL,'7c160fa3-e5f4-4a33-9fa8-ecfc14380da4'),('月影黑','4b02d90a-4458-4cf3-82a4-0fda2cdc798c',0,NULL,'0725166f-dceb-438a-96a0-315906ca741b'),('龙鳞纤维版','b0511aa5-c659-488b-8399-e622ac89da04',0,NULL,'0725166f-dceb-438a-96a0-315906ca741b'),('16GB+1TB','1457ad10-0488-4f15-893e-27f8df0f69b1',500,NULL,'5a093ea5-77af-476d-8be5-edec9e7a776c'),('12GB+512GB','bfa17995-2c5d-40c5-a4c9-3726e9b2e40c',200,NULL,'5a093ea5-77af-476d-8be5-edec9e7a776c'),('12GB+256GB','18a50ed4-21c7-4779-90ab-69a6b020ad3c',0,NULL,'5a093ea5-77af-476d-8be5-edec9e7a776c'),('玫瑰紫','36a8bd59-b582-4250-83b5-08415a863449',0,NULL,'ec252cd4-4fc1-4888-a318-7c30e147a0e8'),('薄荷绿','3c1a60ea-fa46-41a0-b50a-9325b823e007',0,NULL,'ec252cd4-4fc1-4888-a318-7c30e147a0e8'),('奇遇金','96338343-2afc-4d2f-89a9-2c5d9b0283fa',0,NULL,'ec252cd4-4fc1-4888-a318-7c30e147a0e8'),('椰子灰','f517c616-dcb2-4e2a-accb-4b0dd0a31f9c',0,NULL,'ec252cd4-4fc1-4888-a318-7c30e147a0e8'),('12GB+512GB','02101623-b246-4705-87d0-15ade91a2ef2',1200,1200,'88f0a091-cdf5-46ed-9f50-b7a6024add3e'),('12GB+256GB','81ead905-f25f-47fc-b5af-cd0dbcf9e88d',700,700,'88f0a091-cdf5-46ed-9f50-b7a6024add3e'),('8GB+256GB','6b97c1c5-a633-4379-9bc6-67d569ddb61c',300,300,'88f0a091-cdf5-46ed-9f50-b7a6024add3e'),('8GB+128GB','78c81ec4-69c4-4da4-a9dd-85153082d11d',0,0,'88f0a091-cdf5-46ed-9f50-b7a6024add3e'),('黑色','aa9db058-7353-44ce-94d2-85b30aa9aeb2',0,0,'200231e1-1120-418a-ad26-e393433081df'),('白色','f1df3549-db31-4bf7-a6b1-2f5b3db678ad',0,0,'200231e1-1120-418a-ad26-e393433081df'),('12GB+256GB','a8dcad65-298c-44c1-b009-2d260bc6db5b',0,NULL,'e9b52b77-9ed6-41b8-bcbd-102d25981ada'),('16GB+512GB','c887095b-0156-4af2-a910-5f33b5d80747',500,NULL,'e9b52b77-9ed6-41b8-bcbd-102d25981ada'),('16GB+1TB','100f1485-9899-4ace-8eec-8c0da56c9e86',1300,NULL,'e9b52b77-9ed6-41b8-bcbd-102d25981ada'),('黑色','d7b85e5d-8f99-44f2-9dc9-3fc955cf3c91',0,NULL,'5f5c9e33-56c4-4170-b0d8-f504b59622c8'),('白色','72c514f0-317e-407e-b760-837c735597ce',0,NULL,'5f5c9e33-56c4-4170-b0d8-f504b59622c8'),('橄榄绿','a83b3fd3-6f78-46cb-b964-cff50b9f2c20',0,NULL,'5f5c9e33-56c4-4170-b0d8-f504b59622c8'),('12GB+256GB','f7c6744d-b130-4d7a-a99b-c6e3f6350d1e',300,NULL,'4374190b-7277-45a1-90ec-7df9b2041467'),('8GB+256GB','d73e3f09-6485-4979-b629-aa3bc139f631',0,NULL,'4374190b-7277-45a1-90ec-7df9b2041467'),('12GB+512GB','d34e861c-dfdc-4853-9fd1-787e18fd1357',700,NULL,'4374190b-7277-45a1-90ec-7df9b2041467'),('黑色','2720c79d-d811-4ab2-a1c4-c2923dc5ef4c',0,NULL,'9dcd849e-4679-41af-92f6-d0c7c57fcf5a'),('白色','a0d4b32c-df75-4417-b15e-456784dbc48a',0,NULL,'9dcd849e-4679-41af-92f6-d0c7c57fcf5a'),('远山蓝','9485ee4a-d12f-4c61-a007-cb61de6edd84',0,NULL,'9dcd849e-4679-41af-92f6-d0c7c57fcf5a'),('旷野绿','aad7c5c9-952b-430d-9eda-d91528b9969f',0,NULL,'9dcd849e-4679-41af-92f6-d0c7c57fcf5a'),('8GB+256GB','51cfc422-d946-4a5e-bf5b-9467e0109a8a',0,NULL,'dfb319b3-8781-4a4f-aeb6-d90ef0cb9b99'),('12GB+256GB','5a1db1c0-c3a2-47b8-9f7d-ffb45598f0d1',400,NULL,'dfb319b3-8781-4a4f-aeb6-d90ef0cb9b99'),('12GB+512GB','b6c8654e-e303-4e7c-b131-d349be788b83',900,NULL,'dfb319b3-8781-4a4f-aeb6-d90ef0cb9b99'),('陶瓷黑','f5ee3659-fef7-4a7a-a9dd-a4908f4139d3',0,NULL,'614793ab-16fd-4801-8ea6-f7653216ad74'),('旷野绿（陶瓷）','165b46cc-b7ba-4865-8b8b-4dfca2adb639',0,NULL,'614793ab-16fd-4801-8ea6-f7653216ad74'),('陶瓷白','6210c72c-b8b3-413d-b801-98eda0c9db5b',0,NULL,'614793ab-16fd-4801-8ea6-f7653216ad74'),('远山蓝','75395a0e-c6a4-43be-b2d0-0033c884f73c',0,NULL,'614793ab-16fd-4801-8ea6-f7653216ad74'),('至尊套装','d3396ec5-2fe2-4f2c-926f-a06b32b4b860',1700,NULL,'614793ab-16fd-4801-8ea6-f7653216ad74'),('12GB+256GB','82fecd4c-c10e-4347-ba6f-415598a3030e',0,NULL,'d1d96a4f-b791-42a7-a6b6-739c65202007'),('16GB+256GB','35cfeec2-248f-4836-b395-0f706df47fc6',200,NULL,'d1d96a4f-b791-42a7-a6b6-739c65202007'),('16GB+512GB','cc46580c-0449-433f-af82-967c78e3fe8b',400,NULL,'d1d96a4f-b791-42a7-a6b6-739c65202007'),('16GB+1TB','f6bba9e6-6ac9-44aa-9510-f6ab5266046f',700,NULL,'d1d96a4f-b791-42a7-a6b6-739c65202007'),('24GB+1TB','189e493b-ed7c-4f97-a934-dd912e5076ae',1000,NULL,'d1d96a4f-b791-42a7-a6b6-739c65202007'),('墨羽','c892d67f-94d6-45a3-a914-c08bad2d9b96',0,NULL,'a37f286c-3ff1-499b-bfec-48c807ce3493'),('晴雪','e8ca5a7b-379e-455e-b7a2-cee82cbd745d',0,NULL,'a37f286c-3ff1-499b-bfec-48c807ce3493'),('6GB+128GB','28db72c1-c589-4f73-94f2-8d310b6a976d',50,NULL,'0c31bfcf-768a-4259-952a-3c59b4d7c1ff'),('8GB+128GB','9840249e-1319-431e-bb1d-e534fdc680e9',150,NULL,'0c31bfcf-768a-4259-952a-3c59b4d7c1ff'),('8GB+256GB','2bc42cd1-bcaf-4de8-937a-7822f3510d15',350,NULL,'0c31bfcf-768a-4259-952a-3c59b4d7c1ff'),('4GB+128GB','05185322-a887-4f6d-92c8-143c0d3bb972',0,NULL,'0c31bfcf-768a-4259-952a-3c59b4d7c1ff'),('冰瓷白','cfac485b-a8af-4b7b-82c3-7ddc8e9de034',0,NULL,'c9528e10-420c-4546-84dc-725a3df696ff'),('星岩灰','f7577894-2964-49e0-ac02-d19db426b47e',0,NULL,'c9528e10-420c-4546-84dc-725a3df696ff'),('8GB+256GB','027ab4d5-7900-4e67-8475-de8e595dd460',100,100,'2e105a4a-2506-4553-8fcb-018f5c7bd79f'),('12GB+256GB','d49c5122-123a-4ba6-b399-ebd0c4808bde',200,300,'2e105a4a-2506-4553-8fcb-018f5c7bd79f'),('12GB+512GB','c6fda5df-62a1-484a-9fc0-6e0d7a3cca06',400,500,'2e105a4a-2506-4553-8fcb-018f5c7bd79f'),('8GB+128GB','a624b94b-b9bc-47e5-b355-72b7cc9a1f28',0,0,'2e105a4a-2506-4553-8fcb-018f5c7bd79f'),('晴海蓝','fc85f918-93b2-4450-ba87-1472b7398703',0,0,'e565d92d-e6a0-4e7e-a6bf-5310db90af54'),('碳纤黑','a6447f33-4f00-4622-a25d-13f2f60a5df0',0,0,'e565d92d-e6a0-4e7e-a6bf-5310db90af54'),('冰雾白','232ef68b-b67b-4b4b-843b-e37bee69de7c',0,0,'e565d92d-e6a0-4e7e-a6bf-5310db90af54'),('16GB+1TB','db03c37b-0e9e-4a32-acdd-496f34290f74',500,800,'1a29408e-23e9-4020-8733-b2bf288ad665'),('12GB+256GB','ab810013-ae7f-48cc-bfa4-e10e55fec9e8',100,200,'1a29408e-23e9-4020-8733-b2bf288ad665'),('8GB+256GB','afc1049f-6ff6-4846-b40b-9fbcb84f0124',0,0,'1a29408e-23e9-4020-8733-b2bf288ad665'),('12GB+512GB','9e698e3e-2ca4-4923-87ba-dc3cdbe3f969',200,400,'1a29408e-23e9-4020-8733-b2bf288ad665'),('冰羽白','033e6ca4-07d3-4fc3-b719-fe02d8eb00f1',0,0,'ad0a45f0-43bd-437d-8834-478d020e3551'),('碳纤黑','4fc2ea88-680a-4359-8163-c0fac6dd2bd9',0,0,'ad0a45f0-43bd-437d-8834-478d020e3551'),('星海蓝','16be0bf1-ff8f-46bd-8c25-3b09e9cfd788',0,0,'ad0a45f0-43bd-437d-8834-478d020e3551'),('4GB+64GB','6609d405-720f-4875-b34c-e4bcbc379953',0,0,'1cefd638-94f3-43de-a8fe-6780dc2f59b1'),('4GB+128GB','314b6ea2-0056-485d-bc8b-458ef77d8b29',80,NULL,'1cefd638-94f3-43de-a8fe-6780dc2f59b1'),('6GB+128GB','23ab209a-3b4a-4429-bdaa-9b543706205d',180,NULL,'1cefd638-94f3-43de-a8fe-6780dc2f59b1'),('暗影黑','642b4f4c-d7ea-4fb7-b985-7fef58516456',0,NULL,'f992db30-f592-49ac-8637-8adc38102fec'),('深海蓝','c64f0c80-fe9d-4780-b44b-38193f8bafb7',0,NULL,'f992db30-f592-49ac-8637-8adc38102fec'),('薄荷绿','31011ef0-b622-44fe-b4f9-a8eeb664ba28',0,NULL,'f992db30-f592-49ac-8637-8adc38102fec'),('薰衣紫','2e9eba00-397a-4295-978e-006b9b43c2a4',0,NULL,'f992db30-f592-49ac-8637-8adc38102fec'),('8GB+128GB','58b65461-a85d-4703-8397-3a2e027d3a0b',400,NULL,'a85af529-7f04-467a-9c7a-e06fb2538db9'),('8GB+256GB','1513a911-9252-40e5-8835-1c1687af7c60',0,0,'a85af529-7f04-467a-9c7a-e06fb2538db9'),('12GB+256GB','473c3db7-92bc-4668-a278-e6f49d724520',300,300,'a85af529-7f04-467a-9c7a-e06fb2538db9'),('12GB+512GB','43710aa4-3ab9-4568-9609-94409c4fcb4e',700,700,'a85af529-7f04-467a-9c7a-e06fb2538db9'),('16GB+512GB','f4d3e8dd-69c2-49d9-b268-3b5a428c4878',1700,NULL,'a85af529-7f04-467a-9c7a-e06fb2538db9'),('冠军版','34d71ff8-f4c2-4767-8844-ce475b4ccac9',0,NULL,'2de0379c-2cda-43c0-99a3-ac3f1340f79c'),('黑色','8f8253db-e399-4812-8379-a7bf74570ce1',0,0,'7bb2ca66-60f2-4508-880e-e2ebd4afc212'),('86英寸','4f11c82d-984e-4917-83f0-d76d7d8f7ded',0,0,'8e898032-fd3d-4e42-aa78-84e3557c9632'),('锖色','4d1303a9-27e9-4503-9c7c-e1ee82206d36',0,0,'3224dc49-08b2-4914-9349-e401bdbde2ad'),('65英寸','24083790-7235-4751-b24b-5ac4480e1fc0',0,0,'0d0e2591-02bf-4b75-9cb9-545706a9b570'),('黑色','ea07166d-ac5b-4c45-b3e7-52aa0b04e9be',0,0,'e64b98d5-6d03-4075-a20e-7681c5511922'),('65英寸','15f8cd40-bb32-4002-bea1-67b6bafb18bd',0,0,'748abf90-7515-4d23-bc5c-3f9fce0e9443'),('锖色','a98e0b0e-0750-4cd0-8d52-c29880d86da5',0,0,'50a3ccae-6447-4a41-85bc-335411f88f74'),('100英寸','a04a8157-e9b3-479f-8739-44ab995a0628',0,0,'ee8d3864-4029-472b-921a-f41e6c23e258'),('锖色','ed0ef97d-e03f-4f72-8dd3-ea076ac6cda0',0,NULL,'f3b10f8f-572e-4a24-bcf7-721b31f04460'),('85英寸','ef3d79fd-c065-49d2-8bcd-2a900e86651b',0,NULL,'9e7c7817-9140-4a24-b7cc-10dff8a02d1f'),('黑色','c6a05128-2d7a-4f9f-b024-327b857f0e5e',0,0,'ccdd16b3-c248-44e0-a55a-096684ff517a'),('65英寸','3cbe159a-2c31-4677-b633-13d4910b4221',0,0,'278476b9-1676-49a2-b55c-02607d443e69'),('R7-7840HS/16G/512G','cede4375-dc28-4167-a4da-e30e0a1eb6b5',400,500,'0456f3e4-f91e-408d-96e1-ccfaa7b88816'),('R5-7640HS/16G/512G','d89d0e4e-ba0e-477d-a4fc-0b0f2e7ed69b',0,0,'0456f3e4-f91e-408d-96e1-ccfaa7b88816'),('灰色','4dc79e5b-8c1d-4f1e-8f5b-2cbbc55c1e4a',0,0,'cd34602a-710b-45df-848e-103e08722b2a'),(' i5-12500H/16G/512G/2.8k/120Hz/金属-银色','f3de1b38-1b1a-4ca0-9802-e1913b8adff4',0,0,'aa60f29c-d426-4cb1-b414-8ec7b392180f'),(' i5-12500H/16G/512G/2.8k/120Hz/金属-灰色','8e079eee-92e9-4347-a839-f9382b9b9d73',100,0,'aa60f29c-d426-4cb1-b414-8ec7b392180f'),('i7-12700H/16G/512G/2.8k/120Hz/金属-银色','0ec1d3eb-5226-4795-94c6-ed8c5a1504d5',1000,1000,'aa60f29c-d426-4cb1-b414-8ec7b392180f'),('i7-12700H/16G/512G/2.8k/120Hz/金属-灰色','000a83f2-c203-425b-9997-4be90f917dd9',1100,1000,'aa60f29c-d426-4cb1-b414-8ec7b392180f'),('灰色','6ad1bebb-14cc-463d-ad56-0ee7b21020f7',0,0,'c9a658f2-03e9-46c2-be27-fecf72c90726'),('i7-12650H / 16G / 512G / RTX3050 Ti / 165Hz / 180W / 55Wh','3cd911d9-076c-4ace-8d3a-0d77ec0fb23d',1500,800,'70ca01b3-2184-4fba-a92d-4040a20cc90b'),('i7-12650H / 16G / 512G / RTX3050 / 165Hz / 180W / 55Wh','1c7c9dcb-0804-4725-881a-ba9e37c495da',500,500,'70ca01b3-2184-4fba-a92d-4040a20cc90b'),('i5-12450H / 16G / 512G / RTX3050 / 165Hz / 180W / 55Wh','611354b3-3024-463d-baf5-96a25ac1633c',0,0,'70ca01b3-2184-4fba-a92d-4040a20cc90b'),('R5 6600H/RTX 2050/16G/512G','39308642-a435-4ac3-8e92-385a2531f75b',1200,1200,'d905817b-2655-41ff-8490-b185f270ed8f'),('R5 6600H/集显/16G/512G','83dbf151-9956-4086-9139-94403a2745f5',0,0,'d905817b-2655-41ff-8490-b185f270ed8f'),('R7 6800H/集显/16G/512G','03b73dc7-24a8-495d-83b2-3f13a784eb98',400,600,'d905817b-2655-41ff-8490-b185f270ed8f'),('R7 6800H/RTX 2050/16G/512G','db81bf39-d8ab-4b5f-be3f-8d58ba3d99df',1300,1800,'d905817b-2655-41ff-8490-b185f270ed8f'),('R5 6600H/16G/512G/RTX3050','3f5d49b5-aad6-4cf3-a7ae-162dec66a121',0,0,'f6633ecc-6df2-443e-8abc-49ee4a32be0c'),('R7 6800H/16G/512G/RTX3060/LCD 2.5K 16.1\" 16:10 240Hz A面金属 白光键盘 80Wh 330W','3b99cdfb-14ad-427b-8dd8-d3259a36a2f4',1680,1500,'f6633ecc-6df2-443e-8abc-49ee4a32be0c'),('i5-11320H 灰色/16GB/512GB','97251311-0b99-46c1-acd5-6fd955ba6a0a',0,0,'fb279a43-8d19-42e5-b814-ec4e29a0271a'),('i7-11390H 灰色/16GB/512GB','c0ca844c-f4d5-4fc1-97b6-25a838cbb802',0,1100,'fb279a43-8d19-42e5-b814-ec4e29a0271a'),('灰色','c25d3106-0d87-4898-928a-f4df84eb2d96',0,0,'c9238adc-67f6-4623-998b-86597de1208f'),('8GB+256GB','067d0423-09d0-4750-9049-fde0ca1a458d',0,NULL,'1e76ab75-de79-4535-b593-c34ec4a88ddc'),('12GB+256GB','8d985c0b-1068-49bd-b679-400d72b6268a',200,NULL,'1e76ab75-de79-4535-b593-c34ec4a88ddc'),('12GB+512GB','0b19bb90-16f6-465c-9637-0d51c9438486',600,NULL,'1e76ab75-de79-4535-b593-c34ec4a88ddc'),('16GB+1TB','c2a8b8b2-78da-48cd-a553-9934c3fd4eac',1000,NULL,'1e76ab75-de79-4535-b593-c34ec4a88ddc'),('黑色','83f202d2-a4c9-477e-830e-4a877669c022',0,NULL,'e985e1dc-4689-41eb-acb6-e1df48bd61af'),('银色','292bbf5e-23c1-44fc-ab22-4d7001363cf0',0,NULL,'e985e1dc-4689-41eb-acb6-e1df48bd61af'),('8GB+128GB','adf1061d-1aef-451f-b4d4-492be422410a',0,0,'4444ba49-a5bd-4a56-b7aa-7faa619a2d88'),('8GB+256GB','951c67bb-dbfa-4b85-a726-6daf5732abd8',300,300,'4444ba49-a5bd-4a56-b7aa-7faa619a2d88'),('12GB+256GB','fa0a071b-12d6-45cd-a5af-00e0af10bccf',700,NULL,'4444ba49-a5bd-4a56-b7aa-7faa619a2d88'),('12GB+512GB','b7b0ebf3-24dc-4be1-9cad-a97decbdad7e',1000,NULL,'4444ba49-a5bd-4a56-b7aa-7faa619a2d88'),('黑色','13d2df7c-4d7f-4450-91ac-109aa548961e',0,NULL,'f6e7419d-b89e-4a60-ba9d-71ad74f87ca5'),('远山蓝','e37495cc-6096-495d-b639-0f585288cfc8',0,NULL,'f6e7419d-b89e-4a60-ba9d-71ad74f87ca5'),('金色','4c544886-f78d-49b0-b890-08ba97b13cd2',0,NULL,'f6e7419d-b89e-4a60-ba9d-71ad74f87ca5'),('6GB+128GB','3d7b85ad-218e-44fa-aec1-b2baa7b20215',0,0,'e639eae3-5019-458f-bb48-959a4aa3e061'),('8GB+128GB','05392da2-cdca-4d80-bd15-11b016044182',50,100,'e639eae3-5019-458f-bb48-959a4aa3e061'),('8GB+256GB','9d71ac2c-1698-49d4-abc9-a95513462db5',550,NULL,'e639eae3-5019-458f-bb48-959a4aa3e061'),('黑色','ed9906a7-0e1a-408a-83a6-b25e35ff628e',0,NULL,'116aabe1-c760-4ead-8480-f9fd6ad51324'),('远山蓝','8cde6094-ac88-4ba3-b407-334154afbd5e',0,NULL,'116aabe1-c760-4ead-8480-f9fd6ad51324'),('金色','ff4813bf-a0f0-49e1-ae5b-99c30fb3ba2e',0,NULL,'116aabe1-c760-4ead-8480-f9fd6ad51324'),('6GB+128GB','196c1473-5890-4676-ad83-d550ecf3996f',100,0,'21bd26e9-817b-47f6-8591-5349aaeaa598'),('4GB+128GB','400aa1e2-cbfd-425c-a030-e5d9e2c4114a',0,NULL,'21bd26e9-817b-47f6-8591-5349aaeaa598'),('8GB+128GB','b5ccbe96-2ef8-4702-ab84-cb9d565f07aa',300,300,'21bd26e9-817b-47f6-8591-5349aaeaa598'),('烟青绿','3c4e96a5-6903-4bf4-af7e-c3df8b6abff7',0,0,'11aee3e7-7615-484b-b3f0-0ca30a37b8bf'),('深灰色','a947e114-363b-4016-ab9f-a3107cfb7022',0,0,'11aee3e7-7615-484b-b3f0-0ca30a37b8bf'),('银色','213147aa-4218-4e8b-b017-f2a3097a9af8',0,0,'11aee3e7-7615-484b-b3f0-0ca30a37b8bf'),('8GB+256GB','1569c51c-7da8-444a-9405-0dca6c6ec877',400,500,'5b32d484-25db-4545-811e-c94631f89cf6'),('8GB+128GB','47226522-2e1b-4fdd-9dd0-9de4081f6c99',100,200,'5b32d484-25db-4545-811e-c94631f89cf6'),('6GB+128GB','16be2893-756a-4081-8c0d-c8e850fbc8d6',0,0,'5b32d484-25db-4545-811e-c94631f89cf6'),('12GB+512GB','6590dc5c-bd7f-40f2-920a-ec0ae75400d9',900,1200,'5b32d484-25db-4545-811e-c94631f89cf6'),('黑色','adcd154b-3cc4-42d9-a72c-7ef0747df332',0,0,'03275de6-e5fb-43ab-b907-d77abc5a700e'),('森山绿','9e2cadf1-9f48-4ba0-b3ec-e8d491936bff',0,0,'03275de6-e5fb-43ab-b907-d77abc5a700e'),('银色','dd336d7a-e9fd-4723-9fdd-9209e8c77b5b',0,0,'03275de6-e5fb-43ab-b907-d77abc5a700e'),('6GB+128GB','479f8e71-6ec5-432d-9034-cf8c35bb3bd3',0,0,'08e73a88-cd42-4a93-b035-d77a0c8f0a25'),('6GB+256GB','2c826429-ec63-4149-a8da-efd26f5048e8',300,300,'08e73a88-cd42-4a93-b035-d77a0c8f0a25'),('8GB+128GB','b9fa7965-1d9c-4669-9689-bcaf9bd487b0',300,300,'08e73a88-cd42-4a93-b035-d77a0c8f0a25'),('8GB+256GB','edd48b48-07a8-4d6d-bd85-6230198f3e2c',600,600,'08e73a88-cd42-4a93-b035-d77a0c8f0a25'),('黑色','beb9adff-e562-411d-8870-28b4cec85cb9',0,0,'99b1d124-10ee-4f1a-830f-00a55a7ac2e3'),('绿色','a5bbfa26-1fc0-49c8-9073-4fc2ce4d4346',0,0,'99b1d124-10ee-4f1a-830f-00a55a7ac2e3'),('白色','a2c264e9-858b-4b92-ad10-744b53f2c020',0,0,'99b1d124-10ee-4f1a-830f-00a55a7ac2e3'),('墨羽岩','8ef9f0a9-1c91-45a5-b74e-0aa578800fb8',0,0,'35136d3f-f0f2-452a-9439-f6dffe541522'),('墨羽岩','2c345a0b-0371-4b96-a524-b589f5717deb',0,0,'ec03e653-9951-4ee5-b873-c5bde30a5512'),('星爵灰','5099add8-11dc-4c4e-9abc-94cd9f4e5bcc',0,0,'4248621c-5993-4103-a780-9c0456eb6a42'),('钛金灰','57281d99-388c-4da8-9391-6a661be432ba',0,0,'096c6eaf-deba-41a1-a5af-7dbfcc947a9c'),('白色','579d0240-7768-41ba-aa02-4830b6d7a596',0,0,'f0a4f30c-a034-4956-84a2-d87bd92e0412'),('黑色','c32e0650-e93e-4426-b1aa-92c2b72280e5',0,0,'bb3580d6-c71b-4861-bf38-53d0fbe069c9'),('黑色','6e625cfe-e3e9-4fd9-b4e3-b5c3ef6d6d1b',0,0,'13c89333-3b1e-4fff-94f3-f97df14204a6'),('黑色','3c7554ae-09c5-4463-88f2-5d8247444405',0,0,'49b796eb-8d5c-491c-ab69-261441875cf7'),('白色','4facde9b-eb8a-4ea1-83bc-80817e19689f',0,0,'6e74ad7c-6239-4f90-a97e-a7f61191a549'),('标准','3ccd168b-1dd7-4ae4-b7f3-8e529c8a272a',0,NULL,'5fefccc2-758e-4e15-ab90-f825a32ffbb1'),('8GB+256GB','5fc7d309-a590-434a-b1b8-8b0f15ed9d3f',0,0,'8a31ba54-4ef8-431c-844f-b7357230d8c9'),('12GB+256GB','46ce6858-4d55-4cf6-9e85-9c0c7ebcb48d',100,100,'8a31ba54-4ef8-431c-844f-b7357230d8c9'),('12GB+512GB','212d1b25-648f-4041-96d0-a61546228ea3',400,400,'8a31ba54-4ef8-431c-844f-b7357230d8c9'),('16GB+256GB','5092ce97-6e8a-40d4-8761-4096b05a406e',200,200,'8a31ba54-4ef8-431c-844f-b7357230d8c9'),('16GB+512GB','f0e09630-8268-4dd2-b235-e1ae0ed69e02',500,500,'8a31ba54-4ef8-431c-844f-b7357230d8c9'),('16GB+1TB','45fbf0b8-3c94-4c75-921c-c214d487ac15',800,800,'8a31ba54-4ef8-431c-844f-b7357230d8c9'),('墨羽','f24d47e1-dd8e-4fd4-8e4d-4381beef48a8',0,0,'6a53f2d0-afd7-424e-8ad1-203f5acd6ebd'),('晴雪','940a23f5-d714-4aed-8834-9903b9bc9963',0,0,'6a53f2d0-afd7-424e-8ad1-203f5acd6ebd'),('42mm','f87a528f-fc43-4424-ba6f-eb083bdb915b',0,NULL,'69f87008-6923-4f7d-b374-2302c4c6a9b6'),('46mm','1821b771-c82c-44dc-8a54-f07d9193b428',0,NULL,'69f87008-6923-4f7d-b374-2302c4c6a9b6'),('黑硅胶表带','c501ffa1-a265-4323-af6c-378cac05925f',0,NULL,'408bac7f-4809-403c-a120-775b82cdb944'),('港湾蓝真皮表带','0c42d610-ac37-4bbf-bd3e-1662251a3684',50,NULL,'408bac7f-4809-403c-a120-775b82cdb944'),('月影黑','c890b918-3cef-48ee-9acc-5ffd6710d777',0,0,'519c8159-aead-485c-9570-c1a598587645'),('星耀金','245b6d84-4226-453c-be4c-6bff38ab415b',0,0,'519c8159-aead-485c-9570-c1a598587645'),('流光白','252cdb6b-8254-4866-a261-e8ac73a20c2e',0,0,'6eec01b3-2f43-4077-add1-56faddb713aa'),('湖光蓝','0f1340a7-4481-48bf-8ebd-659bdb59001c',0,0,'6eec01b3-2f43-4077-add1-56faddb713aa'),('曜石黑','13cf10dd-aec0-4a96-95ca-7b206a08d1db',0,0,'6eec01b3-2f43-4077-add1-56faddb713aa'),('极光绿','5831c4d3-3f52-4566-8a99-091b27c7009d',0,0,'6eec01b3-2f43-4077-add1-56faddb713aa'),('镜湖白','6be73f49-f0ee-4974-968f-c7cfc34978c7',0,0,'a66925f8-88ac-4a76-b169-e168ead8ca27'),('极夜黑','feea0170-40c8-46d4-8857-bc5487cf788e',0,0,'a66925f8-88ac-4a76-b169-e168ead8ca27'),('白色','96813d8d-0c33-48c8-99f5-3dfbf365f923',0,NULL,'fab0670b-2043-4c1d-a4c0-591fbb05317b'),('黑色','62f34f18-875c-4c3d-ba8f-e30b2bde1186',0,NULL,'fab0670b-2043-4c1d-a4c0-591fbb05317b'),('黑色','1c1eb4ef-4702-4e23-90ea-e0caa63f498a',0,0,'96fccfb2-4d9d-4598-b44a-6894c2d34770'),('白色','7728bf8f-9e3f-41b6-92d0-65f5c3e15c98',0,0,'96fccfb2-4d9d-4598-b44a-6894c2d34770'),('浅蓝色','b99002dc-5f8a-4c03-bcd7-b6442d855683',0,0,'96fccfb2-4d9d-4598-b44a-6894c2d34770'),('白色','37f4ebf6-26c8-4856-b127-6a54a1c01986',0,0,'a71f7d67-0538-4259-a83d-23552ac90145'),('白色','143e5e5c-584e-4e91-8302-aec145d78702',0,0,'c746b5d2-d7a7-4e11-a4ed-2cb3e54e136a'),('朝日橙','3d5901b0-6c5c-4608-a7cf-3f7b646ce681',0,0,'9281e86a-9581-4395-a141-6717fe078414'),('星空灰','d186a223-b9cb-484d-b4d1-6e5e0c6329a3',0,0,'9281e86a-9581-4395-a141-6717fe078414'),('夜跃黑（TPU腕带）','e725b461-3aa8-4a10-a903-66dbabed1893',0,NULL,'8297c568-9719-4fc0-b092-7df4f186591a'),('椰子灰（TPU腕带）','33646fa4-d39b-45eb-9cf2-85c79b668cdf',0,NULL,'8297c568-9719-4fc0-b092-7df4f186591a'),('港湾蓝（真皮腕带）','47bdc189-c535-494a-9831-4c862f6dd5e2',50,NULL,'8297c568-9719-4fc0-b092-7df4f186591a'),('深空黑','c1a35011-5165-4354-aa49-cf325fc31834',0,0,'e57ac719-e4c4-4e1a-9641-c0c3337c99a0'),('暮云灰','2f2129bb-e95b-4199-bece-84e0eb14c982',0,0,'e57ac719-e4c4-4e1a-9641-c0c3337c99a0'),('亮黑','7e42c850-c201-4e14-819a-2a66b9d17013',0,0,'2ac615a5-0a8d-485b-9908-58976dfea1b6'),('淡金','4f560055-9182-49ba-9b55-5e8652d2d4e0',0,0,'2ac615a5-0a8d-485b-9908-58976dfea1b6'),('亮黑','f3122b8e-4ea7-47b8-8b56-3f8232d3570b',0,0,'a7fee68e-1954-4fa8-bbbf-c7bd3ae83eb5'),('淡金','afc9057f-7f53-46e2-8717-1540dfcd1add',0,0,'a7fee68e-1954-4fa8-bbbf-c7bd3ae83eb5'),('静息白','24897aa6-ef58-42c2-90f7-15b6118a0f76',0,0,'1f8ec12b-7e81-46e1-8e13-b77c16198ca1'),('夜跃黑','a98cd7ea-5e55-4bf2-b85f-2fd57e7da25c',0,0,'1f8ec12b-7e81-46e1-8e13-b77c16198ca1'),('黑色','89827c31-6626-4dd8-b759-0d4d3047e1ab',0,0,'66535e34-4f12-4651-b2c1-639c1f1585e8'),('曜石黑 黑色氟橡胶表带','cbfe9a39-8143-4e3f-b212-ce3190a5b9ea',0,0,'999a6ceb-2d2b-4927-ae1e-7020db00cd28'),('流光银 蓝色真皮表带','a4b33028-8dd7-420d-a454-305fa5074947',50,100,'999a6ceb-2d2b-4927-ae1e-7020db00cd28'),('流光银 棕色真皮表带','3814c7ad-89ed-4059-957c-48c14c6776d7',50,100,'999a6ceb-2d2b-4927-ae1e-7020db00cd28'),('黑色','071fb7bb-14d9-4dab-adff-fab1295248c6',0,0,'7f3b9468-e816-4ca3-a6ad-88af26a5b9e9'),('银色','165efad6-a246-4950-ad58-fe9006bf048f',50,100,'7f3b9468-e816-4ca3-a6ad-88af26a5b9e9'),('Windows 11','c9e5257d-ad5f-46ca-9f68-414d2a4e7fc7',0,0,'2cd982d2-1f82-4aca-85e1-8eb52636e78e'),('R7-Bar-U/16G/512G/UMA','b2f6bbf0-33b3-4718-bc88-4df59e5d5e4c',300,600,'b4ed9a1d-a0d6-4a32-919a-e242ab7b1309'),('R5-Bar-U/16G/512G/UMA','a9a6d97d-d002-4f55-8ca3-816240ba5c1d',100,0,'b4ed9a1d-a0d6-4a32-919a-e242ab7b1309'),('R7 5700U/16G/512G','1bb908cb-dbd7-4a9e-a75a-8d5d6cfaf36b',100,700,'b4ed9a1d-a0d6-4a32-919a-e242ab7b1309'),('R5 5500U/16G/512G','bd033ad7-a13b-41ba-acf1-34b0fb43b239',0,100,'b4ed9a1d-a0d6-4a32-919a-e242ab7b1309'),('星光灰','4f74a7c1-f921-4488-9e7a-802de746f30b',0,0,'cd1e0e20-53a5-4662-8f70-c3086842e009'),('【新品】i5-12500H/集显/16G/512G','c5b79cce-3b78-47c7-b689-158edd74d342',500,100,'3b6fe3d0-c07b-483e-a017-ba198e09d1c6'),('i7-12650H/MX550/16G/512G','0a93b476-2e9a-4037-b70e-8e9286f6320a',1100,1200,'3b6fe3d0-c07b-483e-a017-ba198e09d1c6'),('i5-12450H/集显/16G/512G','c9ca14c1-cd3f-4ab6-9b43-8ac7aac9de82',0,0,'3b6fe3d0-c07b-483e-a017-ba198e09d1c6'),('i5-12450H/MX550/16G/512G','d2b377a5-92cb-4188-b0db-0c24ac1ee666',600,500,'3b6fe3d0-c07b-483e-a017-ba198e09d1c6'),('65英寸','9f8ef824-898b-415a-ab43-0f29fb3a3be2',1200,2000,'a3e5eca4-9bc6-4707-a662-7cd584cc2e1c'),('55英寸','ea4e67ae-a6ff-44ac-b195-c0cbecd4151c',0,0,'a3e5eca4-9bc6-4707-a662-7cd584cc2e1c'),('黑色','e8e00e8c-6d58-4658-8b84-9d3be8c5ed2a',0,0,'53e2ddf8-e2d3-4ede-8beb-e0ebef70d28b'),('65英寸','e5b37325-5d03-4a09-b69a-1a34de16e42f',0,0,'905ac1e5-d247-4701-9583-a66a563ed081'),('灰色','07f7fb02-e496-4d18-b8f4-f930304bdd7e',0,0,'a3cf76a7-9601-4aec-9049-60f813bcf8f2'),('65英寸','8c3db276-857b-413c-b18c-bb5b2e8dc666',0,0,'4e2179ec-75fa-4e04-9591-38cf7dab8af0'),('灰色','5fbb0bfb-0822-4473-979a-a79785de6988',0,0,'536dc11d-7faf-4e77-9466-0250359cd98d'),('55英寸','ffc8d4b9-3e15-4e84-a462-324e2bce9e2c',0,0,'ab79810b-b5a2-4d7f-9cf8-f6341759eb0c'),('钛金灰','5d9635ba-428e-4ae5-8fde-690693cc4566',0,0,'b2c96dbe-2ecb-40be-8637-74bffd9855c2'),('白色','acc5215b-6eff-4977-9df3-62725089ab7a',0,0,'88becac4-5c70-461a-a609-b824797e173e'),('黑色','3070f1fc-aa6d-4b94-945d-ca551e0a7ed5',0,0,'9cae566a-5652-4090-b3dd-80019b38b904'),('65英寸','e046114a-5a3f-4990-938c-bea5122af816',0,0,'da397d86-4386-4230-beda-b83dc5fab67b'),('黑色','c443de95-c317-48c6-b95a-7ee82e940df1',0,0,'81e88552-e2c3-4507-a812-7393d1ee217f'),('75英寸','c5168218-1d73-4cab-b628-8baaea61a40d',0,0,'16846d4c-1d38-47ae-8d1a-c68888b7041b'),('深锖色','7754cf46-32a2-48b5-99e8-e8cbc9012e53',0,0,'28b67114-053a-45a8-b106-e4e7a72581e8'),('86英寸','12934550-8040-4ece-befd-28591d0a578f',0,0,'91017f50-229f-40d9-bdea-ede3c889a910'),('黑色','a63e283c-6c73-4c2f-8790-3c8b1100542e',0,0,'91cf99c4-1d2e-4390-823e-0aafeb0d2461'),('50英寸','418def79-2957-451c-8bbb-22c9c93abe81',0,0,'dec821ce-f015-4845-b817-975696194203'),('黑色','5877cf01-471c-4b00-88c6-45ec4823af2d',0,0,'c62ce931-a295-41da-9797-9caee1053611'),('86英寸','22d4ba23-2e83-455b-83cd-a04e59977cf4',0,0,'e4b30de6-1042-49f7-b434-1b111ed9fd8c'),('白色','4b908e8e-3b93-46cc-9d2c-96e549b9c64f',0,0,'7404a3de-08f1-462b-b349-0a26f4e0530b'),('白色','1974b62f-c5a2-446e-8c7f-693f0bb5552a',0,0,'9f21b720-ec2c-4a3a-a33e-b6159cebaf9d'),('白色','8f55f433-5486-4c18-bd23-27af030b7a27',0,NULL,'90c64b55-005e-41ca-a79f-67bbff9d0d0c'),('黑色','cd2a69a3-4daa-406e-9795-b4ee381e20e6',0,NULL,'f2675dde-135d-47e8-90f2-0b6bfad67a7b'),('白色','3a30a8c2-0dc5-4637-a49e-c915f0e0fe31',0,NULL,'dae5acda-2447-4ba6-8410-bf3600a58c20'),('白色','ac475e1a-9f8d-4632-aa52-b99fcea15065',0,NULL,'3b44fe5a-a7cb-4c6b-bfa3-66d39353c17a'),('白色','11eda897-88a2-4301-85da-8692deef63af',0,NULL,'72b6889f-aa74-4974-9808-d7cd9d260a44'),('白色','d2f4112d-1965-4a41-8d0d-83398439e176',0,NULL,'02f076df-4495-412b-b1c6-f7cdadd9f5ca'),('白色','1e175d8d-a52f-48b4-a8f7-cd3b13e07367',0,NULL,'0ed314b1-f051-4493-bc60-5dfcea1268be'),('深灰色','84105c74-07dd-4c25-8da3-c586e99e3715',0,0,'8832ad16-bd52-4786-aafc-6ee2534bf790'),('白色','1cd88789-e0a2-4de7-a7ab-1e3c1e8d6336',0,0,'019fa913-8fbb-4dee-9d54-70b8ecc3117a'),('黑色','2dc5904a-ccc6-48cb-8e85-7fdd91ec3de7',0,0,'b8c24314-e26e-4aec-9c80-f1a7e03ab6ae'),('白色','0d72066c-4853-4517-a040-c803776477bd',0,0,'31ed2374-be97-40c2-9fdc-eb11ed3d8226'),('黑色','78cca4a5-bb47-4e1c-8ca1-177f14eaa67c',0,0,'553de805-de48-4be7-9abf-5bd99c7da2e5'),('黑色','2be05661-c4eb-47e6-bc3d-a5b3ded02ccc',0,0,'e484042a-be9d-4748-8e4f-faf211d9ed96'),('白色','088c3a35-646a-4ba7-9c02-6203a8220f11',0,NULL,'e2ceebdb-cb64-4e49-b527-958cec25e879'),('黑色','1ee9d963-57ee-4e4f-921d-f21c27501aba',0,NULL,'25e22111-305a-41b3-b1d5-8c4e1a58715b'),('白色','c2803b1e-ffae-4a5b-8f7c-5790ca5fe8af',0,0,'bcf166a5-c06f-4e89-9e16-27262b7c19ea'),('白色','07629204-4276-407f-8a98-323d517bc956',0,0,'308dd041-002c-48d5-8780-f50e00f79bbc'),('白色','3a2b1c40-3c98-4fab-89e5-912322e50ffa',0,0,'259e43c9-30d6-4eea-a19f-39e375f0dc40'),('白色','c2fdf32c-f284-41f7-aa38-e1ebffa6d404',0,0,'ab87df36-c320-4852-a758-435ace3dbd6d'),('白色','2433e9d3-cb58-4dd4-a854-2421430824c4',0,NULL,'15288771-1192-4959-bbdc-5ae493517ebf'),('白色','6f82b46a-0720-4c75-a8cc-7a2130cbe82a',0,NULL,'69eb18ae-8bf1-402b-b63b-7202e79defb2'),('白色','0e266e55-1a19-47fb-9106-e5555b5d5c72',0,0,'527a9614-ff85-4cf3-829d-891986d506df'),('白色','291f1354-4d52-4606-b645-064edfbeb150',0,0,'abe90d6e-3405-447d-989b-41dd67fc953e'),('黑色','04a35ccc-9822-446e-8683-bee8869aa090',0,0,'e832c9d9-0d55-494d-b877-ff945ebc1257'),('白色','8855fb3f-9f2e-410f-97d4-18f539713f70',0,0,'3d41ffd2-8690-411f-a41d-7f97518a2f33'),('白色','036983ea-f884-47af-9bf7-6fe6ce695eef',0,NULL,'ff020904-d3b6-4b0c-b1a5-009f2ed9e491'),('白色','8539e6b2-a7e8-465c-a81c-26fdd597239a',0,0,'64b03963-747d-48d3-be0b-e7671d4d514d'),('白色','da40b603-8f03-46ce-a483-fe08acc15702',0,0,'be9bab76-2a67-41ae-99cc-4ce06e089cf1'),('白色','8ccc397d-ca37-4a99-bebf-6f907519aee9',0,0,'ba869b72-e949-41e8-bc93-bdcf7c0a95c6'),('白色','c4693b0d-8fd1-4692-90e1-78d6d61ac744',0,NULL,'36e2245d-fce0-418e-b695-67a8529da562'),('白色','e4090552-55c6-45e0-aab2-3d8bc6285834',0,0,'ea9fbe37-3a12-45aa-8cdf-9709b92b5658'),('白色','bca48faa-cb62-47e2-a1a8-f750c9469ff0',0,0,'944aa989-613b-49d2-a610-7328000be5e1'),('黑色','42bdfd99-111c-4640-b871-50e912fb0ad1',0,0,'5250295b-2739-40a3-b57f-b1f3e46b6edb'),('白色','dcb96388-4ef8-47dd-a0d1-817a722b0848',0,0,'fcb6943c-46f8-4e1b-9453-3a7824c20387'),('白色','c439d1b5-4e24-40cf-8ea0-88dd651ba36b',0,0,'f8396619-5d9a-4125-a16d-96aa33e3fab1'),('白色','b423ee32-7d26-4aad-8d07-cc825c485bf6',0,0,'a7fff123-6e45-4026-bbff-264f8df56d71'),('白色','06b7a3db-af35-46a4-8b0f-ef0f3c298dd3',0,0,'aa932986-7084-4221-8d0b-eedd3d350b82'),('白色','2996659f-4675-4cc2-9d75-8321721070aa',0,0,'e26fb1e2-a223-480a-8f4c-3ab70c80255d'),('白色','10fc410a-acf7-442e-a55d-60902c7648c4',0,0,'0b4df2f5-9ce6-492f-bf29-8719b75bbd17'),('白色','aecdc0b6-e1d9-49b8-bab4-b7c9bed7240f',0,0,'edfb9e07-5956-4bc8-8a82-4aa04a2fd544'),('白色','0e01ffa1-5022-42f1-85f1-8f0ae1c53a6d',0,0,'cd180d10-a074-4a38-b49f-7b435ae79ad9'),('钛空灰','e55ad9cf-523a-4cb8-96ba-98f1c1c3c874',0,NULL,'d191c947-dd52-4cc8-b5a8-299f32cacde0'),('天然气','b9e56879-4ce0-4213-9056-ed9aa48954e8',0,0,'8530cee5-c743-44cc-b500-25823bab953b'),('黑色','f67b3899-4882-4629-8740-e269928610b0',0,0,'fff454db-d375-48ef-9655-851511df0c55'),('白色','5df13e7c-c5f8-44d6-bdc4-470f02e959bb',0,0,'2f65ed28-cff8-4a78-9b16-68c02bfd9e46'),('白色','91e8dfc8-043d-405d-befe-bab684273380',0,0,'b6e37860-888e-4c2c-8cd0-20de3e70821b'),('白色 3L','4c4be7b4-bed2-4cda-ad91-91edb131d908',0,NULL,'30fa433d-8fcf-4252-a1cc-13d5cb9fbc7a'),('白色 4L','a6070395-e9e9-4a09-9160-6ca58d543324',20,NULL,'30fa433d-8fcf-4252-a1cc-13d5cb9fbc7a'),('白色','2aed4227-b3da-400c-83b7-f3f5c8c94c3c',0,0,'12644370-93e6-4852-ad98-5c10307ad036'),('白色','c092f909-aabc-43e6-b44a-9d206f7858d6',0,0,'c2d28b7f-7e24-4e16-9758-9fe8c2cb41b8'),('白色','e87855c9-d3bd-4202-be85-c72c396ffdcf',0,0,'5b0dcbfb-8092-43db-a36a-faae7c8a8da0'),('白色','8690c91d-372a-4651-9f54-9d90f9a790ea',0,0,'3a43f897-d9d3-4f0a-a29d-59d6d659f57e'),('白色','70678af8-f22a-4d2f-ad4d-7bd3bbeffae9',0,0,'19f4ad1d-0c96-4ea0-94a7-971d3483ea88'),('白色','8ce8bada-5561-4a4c-b3ec-7c8ab9529675',0,0,'1572d2f4-7e7f-40e0-8968-1026006a737b'),('白色','cb38610f-b239-422a-a622-69a7ee06b531',0,0,'71727654-69da-4a7e-a122-a5e747c37432'),('白色','43fb1fd1-188f-4402-a987-c4dbc68b7edf',0,0,'349beffb-1895-48bd-afc4-e960fb4aadf6'),('白色','a27fc517-1fc6-4af9-b38d-5d6d1a441df5',0,0,'839f999c-35c4-47ee-a7be-ffe7e3dc7874'),('白色','c8abd79e-3bea-49aa-b404-5f660c0b7217',0,0,'a3d4067a-69cb-4f66-a025-6f19dff05fbb'),('白','053b8aec-d877-4c31-875f-1a3f1eb8d6b2',0,0,'706a9d7a-8e47-4393-a6df-e7a7132aa23a'),('58L','7081599e-628c-4d8e-a07f-6c6999cfb411',0,0,'3a95bfd5-5781-44b7-a2e5-3a37922dfa4b'),('白色','d91acc97-73ea-4546-87f1-9d9c57f74c91',0,0,'dbfd3c88-f471-43ce-92ed-4a865f2c15d0'),('黑色','f2aff629-320f-4c4a-ac71-ecd17c8e3fb1',0,549,'857ce26b-cf66-4c2e-9412-c0d866fa4edf'),('银色','763c634f-8c54-4886-9e2c-8881453b9027',50,0,'857ce26b-cf66-4c2e-9412-c0d866fa4edf'),('黑色','bc2a6532-64be-4dcc-b9d8-4d6c2658749e',0,0,'8bd88288-7dea-4981-9733-8c9f1913300e'),('黑色','829b4b1c-43bc-4329-9b51-2e4e156637e9',0,0,'c23dcd4a-37ce-4b4a-a936-1e84d6758d70'),('黑色','dc64d5d1-f02a-4cad-95da-34a4e2ae2b42',0,0,'fa232e47-5699-400d-85b0-e40731f07984'),('黑色','71206669-d388-490a-aa64-fd45ef8a79fd',0,549,'c134d801-6e5e-4c3e-ac58-135cd0a4aa15'),('银色','24ba855d-1544-440f-8a30-f3d6a9ad92da',50,0,'c134d801-6e5e-4c3e-ac58-135cd0a4aa15'),('乳白','b2e72205-b8af-441b-b2dd-efdcbaeb82e3',0,0,'e95b9eef-53ec-4951-8152-43d80fbca53b'),('黑色','97f77f8a-7f30-43ea-b38c-cc9d217014a2',0,0,'2c3eca4a-43dc-405a-92bd-36fa59b08109'),('白色','58e313c8-7347-4d7f-8a69-d694ba59674c',0,0,'c2cfe68f-3a90-46cf-bc85-4a625a1717a3'),('白色','258d718c-548b-4623-bad3-396327f49a69',0,0,'14d9b03a-d548-4029-acb2-3a43b44ba51f'),('白色','e523de38-2e84-4f32-99a8-870f875dae74',0,0,'a27cf64b-5829-4e90-be50-3f8fb9d5237d'),('黑色','663dac08-b521-4514-93b0-b787e57b427a',0,1299,'e472ac99-0b7e-43de-982d-40225f75cdca'),('磨砂金','27a23c9f-2297-48c6-8b2e-b624c509ccce',400,0,'e472ac99-0b7e-43de-982d-40225f75cdca'),('碳素黑','1749b294-d30f-4bbe-a6fd-79f34ffb0f66',0,0,'83e90837-e74e-4315-89d3-400c83d33c71'),('黑色','e7ff1a7f-c1f8-4d9c-886f-9300d4978c0d',0,0,'eba79a04-2c55-47a6-9e62-d0fb602679e7'),('磨砂金','6f9ba583-bb0f-44e7-8d8d-219c5a2febbb',0,200,'eba79a04-2c55-47a6-9e62-d0fb602679e7'),('黑色','74bfbf72-23c3-4147-84d5-a39de4ff713e',0,0,'31cd86ee-5e24-4df2-a480-290a09a2115e'),('黑色','31e9d069-b2fe-48fe-89f2-4df361330943',0,NULL,'82763790-7b1c-42d6-9011-744e15a0b6ec'),('黑色','b409d3c0-e0c5-472e-9a97-9c5d0d9a2530',0,0,'322448cf-88f6-4079-a01b-6787abdecd4a'),('黑色','9ab57355-4806-4f46-ba43-56d52de2ed4e',0,0,'ac110d20-41db-4665-b984-acf4efbe34aa'),('黑色','30dd77f8-d64a-4edf-8cc4-e1f0886952aa',0,0,'ad12e4cb-9edc-4ac2-80d8-6ea79d05675b'),('黑色','68549c14-b15b-4894-9943-24acc57b2b29',0,0,'c0c3ef21-0872-47fd-9dea-f46b35ea301e'),('白色','64e98a75-0f01-4bf4-840f-b0732f18e883',0,0,'2c470f4b-8f6b-4e7d-8cbd-c9d1bf57056d'),('白色','1d513302-1bf1-4aad-8400-52ee00dae5d2',0,0,'faad990b-9bbf-4fa4-9e24-4e9ee97ec2c5'),('黑色','aa19f215-69ea-4d30-b764-31c17228fc6f',0,NULL,'1c12183e-e49b-4e35-acd7-eb8505a4f508'),('白色','fba4fa91-c228-4429-9b86-b418c4e2264e',0,NULL,'60aa4b30-ad50-4537-9260-6e49c822f2c4'),('白色','1723a892-ab43-4e26-91d0-b1703ed8d5f6',0,0,'df0dd735-94e4-42e5-9e0b-7c03e408193e'),('黑色','a0e56f24-3d21-4a87-928b-892e9d3e84b6',0,0,'9675ccaa-6852-49b4-b76b-dbb05038031a'),('黑色','54aa8f89-5ec0-4fa2-8e2f-0bfb69597e11',0,0,'8dc182d0-7c9a-49de-b2c3-231067edb968'),('白色','f570818e-9ada-42f8-8630-489daeab3839',0,0,'1ea3aece-68c4-46ed-a46a-c8fcf1ec61c9'),('双开','0048a7c5-222f-498a-a1bf-d42390ad4c9c',10,NULL,'b67e6c29-c071-4d55-abdc-3544ceef07f0'),('三开','94b2231c-abdf-4e6d-992b-d96cb87c16eb',30,NULL,'b67e6c29-c071-4d55-abdc-3544ceef07f0'),('单开','ffc46e0c-ff71-43f0-8c16-41cc970481fd',0,NULL,'b67e6c29-c071-4d55-abdc-3544ceef07f0'),('白色','52150040-a311-4eaf-86a6-38012ab5f013',0,NULL,'0866e8b7-e502-4a33-9434-d4684a70c479'),('白色','9cd3467e-b828-49e9-90f8-dd69326a2676',0,0,'7331cfca-c37c-4565-be53-cf8b9074901e'),('白色','6d17be54-6871-4050-8211-dbbe6ebc4333',0,0,'a152daef-3221-4a81-b35b-1f5f5848d014'),('黑色','e9aa2235-7051-46b0-bcde-c94983b0ca6f',0,NULL,'b4b0eaa6-75b3-40e3-b18a-9fab44e6dd02'),('白色','43f31c86-f8b2-457d-9998-17d3ff146c73',0,0,'443100f0-06ce-4322-bc0e-8fa2c8e6fb4a'),('黑色','53ea756f-5e71-4713-8661-6e90a56da591',0,0,'443100f0-06ce-4322-bc0e-8fa2c8e6fb4a'),('深空灰','2d135497-9941-4f7e-94b1-a15ebde322ca',0,0,'59dbe855-bbfe-4ba7-98d2-c83ccb16fe04'),('白色','9ec88b21-4373-4fd4-8b69-fc4095d12ac9',0,0,'b6551b04-6e89-4493-8272-6138090676e3'),('黑色','2f5da512-e098-4db4-80bf-b29dfe858521',0,0,'b6551b04-6e89-4493-8272-6138090676e3'),('黑色','8d81d733-c5bd-4f9b-8138-9b1acc4db9bb',0,0,'d23a7a54-771f-497b-80eb-bb1d9fe1d10b'),('白色','b6d5ae20-471b-4579-a1c1-48d5ea906790',0,0,'9b30bf8d-cc08-455a-8109-65cba853e0d8'),('白色','e79783b3-da64-46b8-a6e5-b482f9ed7363',0,0,'eb739398-1e77-48a2-9cb0-c5dfbfe0f907'),('黑色','ad2a6942-332f-4462-a1c5-a506106fae40',0,0,'eb739398-1e77-48a2-9cb0-c5dfbfe0f907'),('黑色','33f8a15b-74a8-45c2-a79a-ad5671e70087',0,0,'d70028f4-4b22-424a-8110-f729fe801ccd'),('黄色','2a3ac513-4edf-4456-abc5-12e3acaffd09',0,NULL,'2159a0bd-30a9-4ed2-8af7-f6d078f9d616'),('白色','bc22f646-9e38-40b4-b093-c177c8a34645',0,0,'fdd8963b-e2cf-423e-8feb-95a7c0dbbdeb'),('黑色','46d58c7a-22e1-4db5-846f-ea99786f4720',0,0,'3e04acbb-51cc-42b3-bf2c-d7c1404d0dce'),('白色','9937f353-9db0-49bc-b75a-55f52eb1594f',0,0,'3e04acbb-51cc-42b3-bf2c-d7c1404d0dce'),('白色','65d098ee-cc59-429a-a8d3-46c5c14fdede',0,NULL,'71eb3924-9d9e-4191-951d-29525d6d3bfe'),('白色','b7eec474-494b-4a04-a832-fcd146ab680f',0,NULL,'7e2547a1-e1be-4bc8-ab65-531c9c38dccc'),('银灰色','4a1c5f09-6cfd-42cf-a646-8a41081b9dc3',0,0,'b5828943-9257-4faa-a22d-0753cd69e540'),('深空灰','a92ca6c4-29af-4825-9be9-7b20cd8b5053',0,0,'14a4a2ea-8076-4fdc-93a6-083646ee8e31'),('深蓝','645cac1a-207b-4ed7-8677-3d0e46599040',0,0,'2ecf54c2-a908-4364-97b2-7f2acdf0b687'),('脏粉','82b6f0fe-d8cb-4f5e-912c-ac5a8c4c795f',0,0,'2ecf54c2-a908-4364-97b2-7f2acdf0b687'),('米灰','90828f46-0799-41ff-bb03-79f9b44dbccc',0,0,'2ecf54c2-a908-4364-97b2-7f2acdf0b687'),('M','cd7f003f-02dd-4bb0-88d9-77c8ee5fdc5f',0,NULL,'851daf41-47ee-4fac-a604-8b794f6856bf'),('L','aa0fdea9-c930-49cd-b208-6a66904ab5e7',0,NULL,'851daf41-47ee-4fac-a604-8b794f6856bf'),('XL','30d3b290-f9bc-4f11-b1c3-c809c47e77c9',0,NULL,'851daf41-47ee-4fac-a604-8b794f6856bf'),('深花灰','605dee0a-4f46-4e54-b2bf-cb9bf90649a0',0,NULL,'258a624f-5417-4f18-99db-49611ddd6478'),('黑色','a08ab76e-6598-41c7-9f51-8b08653da046',0,0,'1d0ac534-0fde-4cc2-8a6a-25216cdf4abe'),('黑色','34dd69ae-1fd2-4b4d-8233-666bbf05a795',0,0,'82858c40-4efe-49a6-ac6b-770c789387a4'),('灰色','7faf9655-60e7-4196-8229-3bb9e1c30751',0,0,'57cc81e3-94cb-4ee9-8765-ecc8e6d5585d'),('黑色','4060eb2a-0971-4565-aa99-a743410d1614',0,0,'57cc81e3-94cb-4ee9-8765-ecc8e6d5585d'),('20英寸','29237618-de62-4d7b-a22b-7fa01de8396f',0,0,'5052ead5-e0cb-4fbe-bbee-7072886c895d'),('灰色','e67f63be-d270-49fa-b4cb-9877e4c3a385',0,0,'4d542b3d-5ea9-45de-ac89-cab1f21358b1'),('黑色','c87b02da-2595-410b-a1e5-6a26af36d09a',0,0,'4d542b3d-5ea9-45de-ac89-cab1f21358b1'),('24英寸','09e9fefd-d2f0-481f-8a97-f55c9547f0bf',0,0,'8d455f10-fd0d-43a7-b477-fe4fde53a459'),('银色','df8228d8-90bc-4890-8c87-f96652ba025b',0,0,'1f3467d9-83fd-4080-882d-c90b2d31c8b1'),('蓝色','60db911d-e685-40b4-824b-47e667532de4',0,0,'7cbad3ef-5239-4212-b7ed-1a8e9b5678a3'),('绿色','ffeb42e6-d4d9-4ddf-bb97-4bcf4eb5468d',0,0,'7cbad3ef-5239-4212-b7ed-1a8e9b5678a3'),('黑色','5ce50e5a-ec45-4201-9c05-df4f1292e46f',0,0,'7cbad3ef-5239-4212-b7ed-1a8e9b5678a3'),('黄色','d8173d38-ae3f-4ac3-bbfc-da108a7807fd',0,0,'7cbad3ef-5239-4212-b7ed-1a8e9b5678a3'),('20英寸','e1cd50fe-3bb9-4efb-aff5-da8f560b164e',0,0,'da255e04-4a9d-4641-9f2d-ef15fec7eac0'),('24英寸','1a046041-3c83-484a-8ea6-81f5a39de0a4',100,100,'da255e04-4a9d-4641-9f2d-ef15fec7eac0'),('灰色','f262f808-74a2-4868-a0c9-285ef6c2708f',0,NULL,'d5b73c8b-e4c9-4d12-ae67-f2ccd76b7bd8'),('20英寸','6ed5e7bc-8436-45ed-ae6e-0da66db9190c',0,NULL,'cd6a9c4d-0632-4ac3-a5a2-124c2bf1eca7'),('深灰','4f3c6f74-2134-48bc-99db-93097ee5bc46',0,0,'ba75aca0-9085-4f5f-a73b-6524c16b6be3'),('浅灰','7506e6f0-11f0-492a-a274-dc90e1399b4e',0,0,'ba75aca0-9085-4f5f-a73b-6524c16b6be3'),('黑色','667153f1-7c58-492c-85ea-ecd9e697487f',0,0,'d5a61b4c-dbda-4b55-b219-fd5a5752ea09'),('深灰','a1a9de21-582a-4785-947a-0be54b5b0bad',0,0,'d5a61b4c-dbda-4b55-b219-fd5a5752ea09'),('黑色','2627fc08-9792-4703-a2e8-648073d093b2',0,NULL,'9b75a4f7-1a38-4c4a-8f85-52995c3d602b'),('黄色','6300623f-3e71-40a5-a502-d72b4478ebbf',0,NULL,'9b75a4f7-1a38-4c4a-8f85-52995c3d602b'),('亮蓝色','4045f262-6098-4149-bd03-46036652367a',0,NULL,'9b75a4f7-1a38-4c4a-8f85-52995c3d602b'),('深蓝','13cdecfe-5d48-4a0d-9ff9-5703e86527d2',0,NULL,'9b75a4f7-1a38-4c4a-8f85-52995c3d602b'),('10L','5099d9d6-17db-42a8-84c2-c371cbe4bee5',0,NULL,'2f7149d6-fada-43e6-aaed-43135de349c8'),('黑色','04c5a345-9319-44d3-abeb-889d97c78d30',0,NULL,'ea89a0f9-37c6-43cd-a3eb-5cd14bc282b3'),('黑色','d616e696-1bdc-43b6-8cbc-cfc36f7c2546',0,NULL,'a0a1c7a9-6a9a-41ca-85aa-21100b604aa0'),('浅黑','1bedf9a2-300d-4ad6-a1cc-2ea99719aec5',0,0,'5c4b9660-238d-4866-ae16-edb227327a13'),('蓝','a622b95a-1f74-4888-af07-06de0487c5e6',0,NULL,'3846c1fd-36f5-40b4-8a82-9f6a66b13ab0'),('黑色','144dcaf5-3bd7-424a-997c-88873552c971',0,0,'e17d7661-1fd9-47dc-8ed8-262c72be9ac1'),('灰色','b52df291-2a94-421d-ba55-d50b0371500c',0,0,'2660b9c2-7f74-499d-a60f-e2c04e3bbdd8'),('黑色','696d891f-573c-4d35-950f-a4f1f6c9781e',0,0,'483baaf9-0dec-42fa-975a-9a399460e349');
/*!40000 ALTER TABLE `choices` ENABLE KEYS */;
UNLOCK TABLES;

--
-- Table structure for table `images`
--

DROP TABLE IF EXISTS `images`;
/*!40101 SET @saved_cs_client     = @@character_set_client */;
/*!50503 SET character_set_client = utf8mb4 */;
CREATE TABLE `images` (
  `img_path` varchar(200) CHARACTER SET utf8mb4 COLLATE utf8mb4_unicode_ci NOT NULL,
  `pid` varchar(200) CHARACTER SET utf8mb4 COLLATE utf8mb4_unicode_ci NOT NULL,
  PRIMARY KEY (`img_path`),
  KEY `pid` (`pid`)
) ENGINE=MyISAM DEFAULT CHARSET=utf8mb4 COLLATE=utf8mb4_unicode_ci;
/*!40101 SET character_set_client = @saved_cs_client */;

--
-- Dumping data for table `images`
--

LOCK TABLES `images` WRITE;
/*!40000 ALTER TABLE `images` DISABLE KEYS */;
INSERT INTO `images` VALUES ('/images/product/details/0ccccf79-8a5f-4898-ba5d-87d8a08c82c9.png','e32c0e77-1771-4a18-abdf-53e860e92638'),('/images/product/details/97202826-798d-4918-a228-10cd78eff62e.png','e32c0e77-1771-4a18-abdf-53e860e92638'),('/images/product/details/333fb374-b1ec-41d4-9673-7fefce809592.png','7458fdaf-9be1-44fa-80db-e2d0a4204eb1'),('/images/nav/nav_details/nav0_2_0.png','c829980a-ff71-48b1-897f-9e74613063ce'),('/images/nav/nav_details/nav0_2_1.png','c829980a-ff71-48b1-897f-9e74613063ce'),('/images/nav/nav_details/nav0_2_2.png','c829980a-ff71-48b1-897f-9e74613063ce'),('/images/nav/nav_details/nav0_2_3.png','c829980a-ff71-48b1-897f-9e74613063ce'),('/images/nav/nav_details/nav0_2_4.png','c829980a-ff71-48b1-897f-9e74613063ce'),('/images/product/details/9477b20b-3460-40e8-ae9b-e448554986e0.png','78e3d66b-de7a-468f-b387-568b29a43241'),('/images/product/details/5854bb8d-be4c-47e5-aa84-3b2b1ea03298.png','78e3d66b-de7a-468f-b387-568b29a43241'),('/images/nav/nav_details/nav0_4_0.png','9430d0d3-f578-4777-95ae-51288d1245e2'),('/images/nav/nav_details/nav0_4_1.png','9430d0d3-f578-4777-95ae-51288d1245e2'),('/images/nav/nav_details/nav0_4_2.png','9430d0d3-f578-4777-95ae-51288d1245e2'),('/images/nav/nav_details/nav0_4_3.png','9430d0d3-f578-4777-95ae-51288d1245e2'),('/images/nav/nav_details/nav0_4_4.png','9430d0d3-f578-4777-95ae-51288d1245e2'),('/images/nav/nav_details/nav0_5_0.png','6265314b-feac-4ec9-b1c8-74e8ca1e71e1'),('/images/nav/nav_details/nav0_5_1.png','6265314b-feac-4ec9-b1c8-74e8ca1e71e1'),('/images/nav/nav_details/nav0_5_2.png','6265314b-feac-4ec9-b1c8-74e8ca1e71e1'),('/images/nav/nav_details/nav0_5_3.png','6265314b-feac-4ec9-b1c8-74e8ca1e71e1'),('/images/nav/nav_details/nav0_5_4.png','6265314b-feac-4ec9-b1c8-74e8ca1e71e1'),('/images/product/details/5bd41675-9ded-440c-85ba-21fefe04ad36.png','2e53fa4f-466e-4e36-bc3b-a5b74a860d69'),('/images/product/details/037682e9-aae0-40f3-9aaf-baf8e795951e.png','2e53fa4f-466e-4e36-bc3b-a5b74a860d69'),('/images/product/details/137922c2-b377-421f-a63a-52c2ddfbc15a.png','7f7a5bf1-9f66-471e-ae44-94ee250ec5f0'),('/images/product/details/a40c9192-9337-4df7-8a9a-f0a279e3ac61.png','7f7a5bf1-9f66-471e-ae44-94ee250ec5f0'),('/images/product/details/6ff2137d-b475-41c7-a8f7-b01e94114496.png','1541f042-7dd5-41e3-a4a1-5b0ca6230ce3'),('/images/product/details/6f6468c8-1b88-49c0-bc63-b7c77ac8390f.png','1541f042-7dd5-41e3-a4a1-5b0ca6230ce3'),('/images/product/details/82ba5fec-b8fc-41c1-9a27-6f1ea39c4b72.png','6e0448bd-4f39-489e-9c0c-e7214f0d9c78'),('/images/product/details/ee212e93-ee1c-4ee9-9fa5-b906e00a0923.png','6e0448bd-4f39-489e-9c0c-e7214f0d9c78'),('/images/nav/nav_details/nav1_4_0.png','2a24d002-8418-4068-ab23-b8b76e774272'),('/images/nav/nav_details/nav1_4_1.png','2a24d002-8418-4068-ab23-b8b76e774272'),('/images/nav/nav_details/nav1_4_2.png','2a24d002-8418-4068-ab23-b8b76e774272'),('/images/nav/nav_details/nav1_4_3.png','2a24d002-8418-4068-ab23-b8b76e774272'),('/images/nav/nav_details/nav1_4_4.png','2a24d002-8418-4068-ab23-b8b76e774272'),('/images/nav/nav_details/nav1_5_0.png','fe8394f8-9cea-47ee-adcf-b7b078268709'),('/images/nav/nav_details/nav1_5_1.png','fe8394f8-9cea-47ee-adcf-b7b078268709'),('/images/nav/nav_details/nav1_5_2.png','fe8394f8-9cea-47ee-adcf-b7b078268709'),('/images/nav/nav_details/nav1_5_3.png','fe8394f8-9cea-47ee-adcf-b7b078268709'),('/images/nav/nav_details/nav2_0_0.png','52e17c1d-2694-4650-821a-587f0091b3ea'),('/images/nav/nav_details/nav2_1_0.png','678a013f-bd8d-4d71-b30d-11a972304541'),('/images/nav/nav_details/nav2_2_0.png','680df366-a7fd-46d6-93ec-b08f64c7b34a'),('/images/nav/nav_details/nav2_3_0.png','5d88edaa-95f4-40ce-b9dd-893b45038bb2'),('/images/product/details/5eca6cfc-d0a3-424a-95ec-f6d20c26bf73.png','8f7c7c6f-c362-40e4-aae5-38134e5012f1'),('/images/nav/nav_details/nav2_5_0.png','5649fcf4-6a33-48f1-9646-546182f7d846'),('/images/nav/nav_details/nav2_5_1.png','5649fcf4-6a33-48f1-9646-546182f7d846'),('/images/nav/nav_details/nav2_5_2.png','5649fcf4-6a33-48f1-9646-546182f7d846'),('/images/nav/nav_details/nav2_5_3.png','5649fcf4-6a33-48f1-9646-546182f7d846'),('/images/nav/nav_details/nav3_0_0.png','79e99a4a-d071-4bea-9b99-a5d3765b554a'),('/images/product/details/16d25a44-5a12-49e9-8620-9a004f3b1132.png','96307129-bb06-43d9-a75e-9f04c9339b9d'),('/images/product/details/40d5d248-90eb-402e-ad7d-1a8a753432f7.png','61ea4b31-f062-48c0-8fc5-4b3a6bcccacb'),('/images/product/details/773d19bc-0a84-4748-80d0-a77dbb1c1504.png','07e0f378-b680-49a2-bcb0-8d574c027a2c'),('/images/product/details/1fba9709-0079-47cd-be46-9dd29fa82e54.png','43ade02a-62e0-4955-975c-7d1efb3e992b'),('/images/product/details/7b88ed45-587b-4d0f-a232-0fe6ad0d7615.png','b32ed885-b5dd-4e7c-8214-fdff21b5e74e'),('/images/nav/nav_details/nav4_0_0.png','8c59cd27-c5a6-46f5-84d3-206230b769c0'),('/images/nav/nav_details/nav4_0_1.png','8c59cd27-c5a6-46f5-84d3-206230b769c0'),('/images/nav/nav_details/nav4_0_2.png','8c59cd27-c5a6-46f5-84d3-206230b769c0'),('/images/product/details/8a771983-d347-4e5d-8689-c2e7e4df55c8.png','6fb0bb04-bfa7-4f83-ba6b-9936ab6a4481'),('/images/product/details/4324bf0e-1123-4fe4-8984-a90e5a568d52.png','6fb0bb04-bfa7-4f83-ba6b-9936ab6a4481'),('/images/product/details/9fdd87da-84ff-4b83-985d-8d4fa83cefc4.png','99f306a0-edf6-4f52-9779-78822f52a895'),('/images/product/details/45fbeee5-57c0-4ed0-8c47-44abc70ebbca.png','99f306a0-edf6-4f52-9779-78822f52a895'),('/images/nav/nav_details/nav4_3_0.png','052018ee-21a1-4fe2-adf0-85f136c4f185'),('/images/nav/nav_details/nav4_3_1.png','052018ee-21a1-4fe2-adf0-85f136c4f185'),('/images/nav/nav_details/nav4_3_2.png','052018ee-21a1-4fe2-adf0-85f136c4f185'),('/images/nav/nav_details/nav4_3_3.png','052018ee-21a1-4fe2-adf0-85f136c4f185'),('/images/nav/nav_details/nav4_4_0.png','e2c7f886-b16c-4b4f-832c-5f5da2b267bf'),('/images/nav/nav_details/nav4_4_1.png','e2c7f886-b16c-4b4f-832c-5f5da2b267bf'),('/images/nav/nav_details/nav4_4_2.png','e2c7f886-b16c-4b4f-832c-5f5da2b267bf'),('/images/nav/nav_details/nav4_4_3.png','e2c7f886-b16c-4b4f-832c-5f5da2b267bf'),('/images/nav/nav_details/nav4_5_0.png','29f1e6f7-0704-4940-a0bd-a538d27b58e0'),('/images/nav/nav_details/nav5_0_0.png','f3d5baec-3196-4d7d-9580-3bfe30643d79'),('/images/nav/nav_details/nav5_0_1.png','f3d5baec-3196-4d7d-9580-3bfe30643d79'),('/images/nav/nav_details/nav5_0_2.png','f3d5baec-3196-4d7d-9580-3bfe30643d79'),('/images/nav/nav_details/nav5_0_3.png','f3d5baec-3196-4d7d-9580-3bfe30643d79'),('/images/nav/nav_details/nav5_0_4.png','f3d5baec-3196-4d7d-9580-3bfe30643d79'),('/images/nav/nav_details/nav5_0_5.png','f3d5baec-3196-4d7d-9580-3bfe30643d79'),('/images/nav/nav_details/nav5_0_6.png','f3d5baec-3196-4d7d-9580-3bfe30643d79'),('/images/nav/nav_details/nav5_0_7.png','f3d5baec-3196-4d7d-9580-3bfe30643d79'),('/images/nav/nav_details/nav5_1_0.png','c9effa40-da70-4893-9426-947457e22fb8'),('/images/nav/nav_details/nav5_1_1.png','c9effa40-da70-4893-9426-947457e22fb8'),('/images/nav/nav_details/nav5_1_2.png','c9effa40-da70-4893-9426-947457e22fb8'),('/images/nav/nav_details/nav5_1_3.png','c9effa40-da70-4893-9426-947457e22fb8'),('/images/nav/nav_details/nav5_1_4.png','c9effa40-da70-4893-9426-947457e22fb8'),('/images/nav/nav_details/nav5_1_5.png','c9effa40-da70-4893-9426-947457e22fb8'),('/images/nav/nav_details/nav5_1_6.png','c9effa40-da70-4893-9426-947457e22fb8'),('/images/nav/nav_details/nav5_1_7.png','c9effa40-da70-4893-9426-947457e22fb8'),('/images/nav/nav_details/nav5_1_8.png','c9effa40-da70-4893-9426-947457e22fb8'),('/images/product/details/2fc15624-f8cc-4107-890f-093b03a6e3d9.png','a4919d79-a5c3-4faa-9c31-33e31d21c646'),('/images/nav/nav_details/nav5_3_0.png','3dd0943f-d047-472c-b162-fd5a62e00381'),('/images/product/details/ea5950f3-632f-4677-8cef-86962cb37097.png','e64624c9-a0f2-4ed3-b3af-047d7d7ae1fc'),('/images/product/details/d1823d0f-a06e-4ea2-b4f1-caf9386c29af.png','e64624c9-a0f2-4ed3-b3af-047d7d7ae1fc'),('/images/product/details/4717b38c-07d0-4e70-9c09-fbb92f3b8e93.png','e64624c9-a0f2-4ed3-b3af-047d7d7ae1fc'),('/images/product/details/18d316fd-2075-4f8b-9acb-ec426ccb9906.png','e64624c9-a0f2-4ed3-b3af-047d7d7ae1fc'),('/images/product/details/6fabec18-a0fc-47de-b124-28a89d6e60ec.png','54911a91-bcb6-4565-aaf8-0e7855877411'),('/images/product/details/4b6cf005-2bc7-4794-8e75-ddf9e6f41f7d.png','54911a91-bcb6-4565-aaf8-0e7855877411'),('/images/product/details/6f2de87e-a6de-4967-853f-ee90f3e23481.png','54911a91-bcb6-4565-aaf8-0e7855877411'),('/images/product/details/7820c784-2fa6-4c59-8250-9df2fc1cb6ab.png','54911a91-bcb6-4565-aaf8-0e7855877411'),('/images/nav/nav_details/nav6_0_0.png','d9d4ddc4-6b01-4625-99fe-db285a08e580'),('/images/nav/nav_details/nav6_1_0.png','b29b3e6c-80b9-453b-92ce-47820528106b'),('/images/nav/nav_details/nav6_1_1.png','b29b3e6c-80b9-453b-92ce-47820528106b'),('/images/nav/nav_details/nav6_1_2.png','b29b3e6c-80b9-453b-92ce-47820528106b'),('/images/nav/nav_details/nav6_1_3.png','b29b3e6c-80b9-453b-92ce-47820528106b'),('/images/nav/nav_details/nav6_1_4.png','b29b3e6c-80b9-453b-92ce-47820528106b'),('/images/nav/nav_details/nav6_2_0.png','364d98db-b660-4103-9255-7cf2dc234aad'),('/images/nav/nav_details/nav6_3_0.png','2caed690-761e-46af-9e1f-4e68c70978b3'),('/images/nav/nav_details/nav6_3_1.png','2caed690-761e-46af-9e1f-4e68c70978b3'),('/images/nav/nav_details/nav6_3_2.png','2caed690-761e-46af-9e1f-4e68c70978b3'),('/images/nav/nav_details/nav6_3_3.png','2caed690-761e-46af-9e1f-4e68c70978b3'),('/images/nav/nav_details/nav6_4_0.png','95e9be26-c552-470e-956a-5c19cae587d5'),('/images/nav/nav_details/nav6_4_1.png','95e9be26-c552-470e-956a-5c19cae587d5'),('https://cdn.cnbj0.fds.api.mi-img.com/b2c-shopapi-pms/pms_1692003109.48778924.png','ec06ca29-a0b4-4cc5-b247-3cf4f49f73d3'),('https://cdn.cnbj0.fds.api.mi-img.com/b2c-shopapi-pms/pms_1692003103.47612601.png','ec06ca29-a0b4-4cc5-b247-3cf4f49f73d3'),('https://cdn.cnbj0.fds.api.mi-img.com/b2c-shopapi-pms/pms_1692003109.71367695.png','ec06ca29-a0b4-4cc5-b247-3cf4f49f73d3'),('https://cdn.cnbj0.fds.api.mi-img.com/b2c-shopapi-pms/pms_1692003109.50252647.png','ec06ca29-a0b4-4cc5-b247-3cf4f49f73d3'),('https://cdn.cnbj0.fds.api.mi-img.com/b2c-shopapi-pms/pms_1692003109.48257807.png','ec06ca29-a0b4-4cc5-b247-3cf4f49f73d3'),('https://cdn.cnbj0.fds.api.mi-img.com/b2c-shopapi-pms/pms_1692003109.49355039.png','ec06ca29-a0b4-4cc5-b247-3cf4f49f73d3'),('/images/product/details/6a818b38-0a85-4976-a6e9-21b73643e240.png','532ef506-a124-45da-8237-aebdba9aec62'),('/images/product/details/21f57905-a86a-4184-b861-f20a456e4c9b.png','532ef506-a124-45da-8237-aebdba9aec62'),('/images/product/details/257fed8b-36e3-4c16-be20-0030e77c86b1.png','532ef506-a124-45da-8237-aebdba9aec62'),('/images/product/details/7848b36a-d577-461f-9467-1746ac353e20.png','532ef506-a124-45da-8237-aebdba9aec62'),('/images/product/details/298075f8-f666-4c67-b4a8-f4f12ec07801.png','ce9faef4-dfd8-4127-a73a-76690ccfc430'),('/images/product/details/51f3ea5f-e136-4147-9120-eb1365fc49c6.png','ce9faef4-dfd8-4127-a73a-76690ccfc430'),('/images/product/details/74b064f4-009a-4916-b506-3759baf53dac.png','ce9faef4-dfd8-4127-a73a-76690ccfc430'),('/images/product/details/f3d323f2-aae8-48b6-985a-f167d1e395f4.png','ce9faef4-dfd8-4127-a73a-76690ccfc430'),('/images/product/details/5524d960-7ae6-4736-a171-1c4bc4a841b6.png','fff30354-8d36-4d8c-a1b0-60270a47afdd'),('/images/product/details/e6917187-b34d-49d0-96ed-a6b678577a4f.png','fff30354-8d36-4d8c-a1b0-60270a47afdd'),('/images/product/details/fef7922a-3c96-406f-ad27-e49a1bb5fc44.png','fff30354-8d36-4d8c-a1b0-60270a47afdd'),('/images/product/details/1317613b-2588-4c2f-88ec-024a237715a5.png','fff30354-8d36-4d8c-a1b0-60270a47afdd'),('/images/product/details/7d41127e-5bbf-446e-b5b6-de534998ac61.png','ee5dcfad-cd63-4def-a8b7-0aa707cf1cd3'),('/images/product/details/05e10e5b-f6ca-4376-946f-29ec3137b46d.png','ee5dcfad-cd63-4def-a8b7-0aa707cf1cd3'),('/images/product/details/91502a75-3ba5-4373-aa27-7b1188a738df.png','ee5dcfad-cd63-4def-a8b7-0aa707cf1cd3'),('/images/product/details/91ecdee2-0f05-4d2b-975b-4296237725e4.png','ee5dcfad-cd63-4def-a8b7-0aa707cf1cd3'),('/images/product/details/b49ada68-9439-4847-80d5-9b3fb1c0f6e6.png','042d3196-b3cd-4dd1-be39-30cc4e4c8cf4'),('/images/product/details/1a8c3c04-d3f2-42a6-bd73-0d3358f2dc6f.png','042d3196-b3cd-4dd1-be39-30cc4e4c8cf4'),('/images/product/details/c8098780-9aa8-4312-9c2f-92c7a04954ac.png','042d3196-b3cd-4dd1-be39-30cc4e4c8cf4'),('/images/product/details/ce55a468-c900-4e29-abba-008f9e3ee268.png','042d3196-b3cd-4dd1-be39-30cc4e4c8cf4'),('/images/product/details/8f6d88e5-df66-41b4-95e2-97a45faae949.png','ed98578b-c06a-4b41-9d38-77978b298b6b'),('/images/product/details/afbce3f9-10f2-4cd0-a28f-4c114fb522ed.png','ed98578b-c06a-4b41-9d38-77978b298b6b'),('/images/product/details/f4ea6938-84a9-467d-bee9-819a31783fdd.png','ed98578b-c06a-4b41-9d38-77978b298b6b'),('/images/product/details/34292806-b5e5-438f-8ac2-23b936ed47f2.png','ed98578b-c06a-4b41-9d38-77978b298b6b'),('/images/product/details/5efe786d-0526-4812-be98-9fe6597f739b.png','c723144a-d136-4b11-86c3-6191b7a768e4'),('/images/product/details/c30d909d-b1db-457d-a0ec-eb9a87c37b72.png','c723144a-d136-4b11-86c3-6191b7a768e4'),('/images/product/details/a4059ca7-f9db-4916-b723-23544de2cc64.png','5b5d5316-834c-4edc-8173-940365ee06ed'),('/images/product/details/72948275-0469-4bac-b928-8e5df3aa463b.png','5b5d5316-834c-4edc-8173-940365ee06ed'),('/images/product/details/70d72287-69d2-43ce-bad8-8788c8dfd714.png','22fec19b-3102-4080-bc82-9f9e9994a7ed'),('/images/product/details/9d6ea6ba-7522-422e-9bd4-89668315b779.png','22fec19b-3102-4080-bc82-9f9e9994a7ed'),('/images/product/details/d1f1c7c8-e7e9-43c7-91f7-5b9a5e073031.png','22fec19b-3102-4080-bc82-9f9e9994a7ed'),('/images/product/details/f135178a-e0b3-40b9-85a3-3784e475ad78.png','22fec19b-3102-4080-bc82-9f9e9994a7ed'),('/images/product/details/3f88ff58-45bd-4287-8720-4a9842a93b10.png','2714d998-e773-4c58-a71a-90dd575fea15'),('/images/product/details/c5d00665-0951-4450-a777-906cd6d74107.png','2714d998-e773-4c58-a71a-90dd575fea15'),('/images/product/details/40019b42-0cd6-4487-bfb5-5c3f0b200dc6.png','5fcdfbff-937a-425f-a43b-f84db679e5ce'),('/images/product/details/30ccf4a1-7195-47b5-9628-70bb7891b171.png','5fcdfbff-937a-425f-a43b-f84db679e5ce'),('/images/product/details/d431a810-f2d6-41d6-aaca-33b6ddfa251f.png','5fcdfbff-937a-425f-a43b-f84db679e5ce'),('/images/product/details/71b8bf1d-4a31-4c0c-a66a-94ab50b13a2d.png','3993fd3a-3f38-47b7-8de9-226e0134e555'),('/images/product/details/b0774654-a33d-41c2-b34f-75d008ef2ebf.png','3993fd3a-3f38-47b7-8de9-226e0134e555'),('/images/product/details/71958457-23a5-4038-8c76-0b358a89e339.png','3993fd3a-3f38-47b7-8de9-226e0134e555'),('/images/product/details/ae741022-c358-4697-b76c-3e96729aabe9.png','3993fd3a-3f38-47b7-8de9-226e0134e555'),('/images/product/details/1ed2032b-7e11-4d29-a829-6f3998577f1a.png','591cadb4-b5bb-4591-a29e-66ef0b0b4362'),('/images/product/details/fcaa7538-a3dc-42b1-a0b5-3abce64e2ccd.png','591cadb4-b5bb-4591-a29e-66ef0b0b4362'),('/images/product/details/584f69a2-39ff-48d0-b5be-8d8c0114b9c4.png','591cadb4-b5bb-4591-a29e-66ef0b0b4362'),('/images/product/details/9c40b99c-8cf5-438f-84b5-0eb3236b233c.png','591cadb4-b5bb-4591-a29e-66ef0b0b4362'),('/images/product/details/ebae287f-103c-481a-93f3-fa047f11b453.png','8565ee90-2267-40da-b107-73bbb27fbd69'),('/images/product/details/f5314866-4342-48e8-bc3d-6b92064cfa9f.png','8565ee90-2267-40da-b107-73bbb27fbd69'),('/images/product/details/2eb6890a-38b8-4d7e-8efb-87bf6721637c.png','b50c25da-eb41-4c52-88e7-98ad3dc511af'),('/images/product/details/1be248bc-0577-4061-817f-7891e89c224c.png','b50c25da-eb41-4c52-88e7-98ad3dc511af'),('/images/product/details/a683a3df-3d7f-43c9-b292-a5283b1a5d3b.png','b50c25da-eb41-4c52-88e7-98ad3dc511af'),('/images/product/details/5b709fa7-29ae-4440-9f7f-f98132a60ce7.png','b50c25da-eb41-4c52-88e7-98ad3dc511af'),('/images/product/details/95660201-b538-4543-a4bc-6751d37901f4.png','84eed985-2449-4861-8928-1a7651af4879'),('/images/product/details/954bcff2-fb43-4268-b907-ae9dd6ba9740.png','84eed985-2449-4861-8928-1a7651af4879'),('/images/product/details/94bd1e0d-31fd-4e18-bfdf-c07723e90a2d.png','84eed985-2449-4861-8928-1a7651af4879'),('/images/product/details/220cddfe-88cd-4a7f-87d9-9c0d78f49659.png','baef4c86-552d-494c-9cf1-e61620e494f9'),('/images/product/details/a99a2a79-fa37-4d11-8f52-900186061b25.png','baef4c86-552d-494c-9cf1-e61620e494f9'),('/images/product/details/da89b3fe-37d9-4ee7-be8c-abacb29f2e34.png','baef4c86-552d-494c-9cf1-e61620e494f9'),('/images/product/details/75497f1a-6ad3-413a-aea9-61578ba958bc.png','baef4c86-552d-494c-9cf1-e61620e494f9'),('/images/product/details/f00d2740-8a2d-4ff2-b597-5f0581050e31.png','79c4cf46-09c9-4dd1-afac-49013bd27708'),('/images/product/details/b23d7fbd-b691-42f3-ad3d-4d77af9d721e.png','79c4cf46-09c9-4dd1-afac-49013bd27708'),('/images/product/details/0029ba39-9cf1-424e-b724-a21cae36d3d8.png','79c4cf46-09c9-4dd1-afac-49013bd27708'),('/images/product/details/c794b6cb-046a-437e-a70d-92f8aa16ac73.png','79c4cf46-09c9-4dd1-afac-49013bd27708'),('/images/product/details/ece44df8-2ab9-464c-bf22-164b0bfcd9fc.png','cf1ae0c5-40fe-4b45-9fdf-0a174df81a08'),('/images/product/details/33953549-b416-40cb-b8a6-67a4e66a840c.png','cf1ae0c5-40fe-4b45-9fdf-0a174df81a08'),('/images/product/details/8348198d-91fa-4be3-9930-b877f4ee0a27.png','cf1ae0c5-40fe-4b45-9fdf-0a174df81a08'),('/images/product/details/4eccf4dc-f9f0-46dd-b115-14b5acf0365e.png','774566bd-6467-4369-9d0d-936355d47210'),('/images/product/details/d383a869-9a8e-4644-a871-823db8be2d59.png','774566bd-6467-4369-9d0d-936355d47210'),('/images/product/details/3859b8af-c17f-406b-a0dd-e2160ff7d55a.png','774566bd-6467-4369-9d0d-936355d47210'),('/images/product/details/52928ffd-01e5-42c6-ac89-67fad95f493e.png','774566bd-6467-4369-9d0d-936355d47210'),('/images/product/details/5d7f5044-c809-4632-83b0-6cb083042f18.png','8e638561-b57e-4fb5-9316-f7189217eeb8'),('/images/product/details/50b12a4c-bedc-40b4-9d8c-427659fc2676.png','8e638561-b57e-4fb5-9316-f7189217eeb8'),('/images/product/details/b041adf3-db9a-44ec-a377-8c0912008a0f.png','8e638561-b57e-4fb5-9316-f7189217eeb8'),('/images/product/details/0a275ca9-cf26-4ef1-bd76-cc14435ba023.png','8e638561-b57e-4fb5-9316-f7189217eeb8'),('/images/product/details/aa9db3e2-ad92-481b-b495-ac0c0d84df38.png','7f851cd2-60f8-41ee-8cfc-9328e44ab4a1'),('/images/product/details/d6fb8f4b-40df-48e7-ad48-eb0338209f5c.png','7f851cd2-60f8-41ee-8cfc-9328e44ab4a1'),('/images/product/details/b7d618a3-a2b6-4bb6-ae54-f09c787b9d46.png','a196c3aa-d626-4d9a-b754-453810ca42ed'),('/images/product/details/311f7200-1256-4c09-ad94-4a36c9e25677.png','a196c3aa-d626-4d9a-b754-453810ca42ed'),('/images/product/details/252519a9-894c-4b9c-a3ba-003d597f3151.png','a196c3aa-d626-4d9a-b754-453810ca42ed'),('/images/product/details/eb2ea20c-3f44-464f-9549-31fa5b324169.png','a196c3aa-d626-4d9a-b754-453810ca42ed'),('/images/product/details/9514852c-eae0-4b18-b25a-8c49b33e7a18.png','1480fb26-68e2-4d5b-8317-4f44e8b1bd82'),('/images/product/details/7ea99f47-2d30-4c0f-86e9-f64906df603b.png','1480fb26-68e2-4d5b-8317-4f44e8b1bd82'),('/images/product/details/41b36fa6-a2ee-433c-b443-fcffb81592ee.png','1480fb26-68e2-4d5b-8317-4f44e8b1bd82'),('/images/product/details/e095d5ac-6590-42e5-ad55-076bbd7a6e24.png','1480fb26-68e2-4d5b-8317-4f44e8b1bd82'),('/images/product/details/022838cc-6dbd-4b82-b9b5-a9c4062209d4.png','568c3287-368b-4617-ab4a-5a1e19d6f5f3'),('/images/product/details/21cc39bf-cfbb-4b22-9f1c-0b6d00b16a3b.png','568c3287-368b-4617-ab4a-5a1e19d6f5f3'),('/images/product/details/27740519-880f-4466-aff4-105f79514a5a.png','568c3287-368b-4617-ab4a-5a1e19d6f5f3'),('/images/product/details/ad9d02cd-75b9-491e-81c6-2eb4dda9ef26.png','568c3287-368b-4617-ab4a-5a1e19d6f5f3'),('/images/product/details/ccd0ce8d-f359-4565-87b2-dcdaa8e1939f.png','dbeed0f1-01d9-4038-9e07-6eaf47d7bb5f'),('/images/product/details/b7fe1763-935b-4618-9131-760aa568a111.png','dbeed0f1-01d9-4038-9e07-6eaf47d7bb5f'),('/images/product/details/b085c57e-6ce2-4322-8849-f195e9ae85e9.png','dbeed0f1-01d9-4038-9e07-6eaf47d7bb5f'),('/images/product/details/a8aa0875-6a1d-4f81-856b-075c7306b3b4.png','dbeed0f1-01d9-4038-9e07-6eaf47d7bb5f'),('/images/product/details/2fb5edc7-fd37-49a9-b4a0-2dc28967a336.png','9b900b52-f85e-4c95-9bfd-85401af597b7'),('/images/product/details/262984ce-4a9e-46e7-b6d9-9c1f9feb1536.png','9b900b52-f85e-4c95-9bfd-85401af597b7'),('/images/product/details/f4125874-0369-4e63-8e9b-252bdcab2244.png','9b900b52-f85e-4c95-9bfd-85401af597b7'),('/images/product/details/831770d3-430a-4026-bfeb-9c049527447a.png','d77fa10e-0b8c-4e8d-a916-473cdb9ca1c8'),('/images/product/details/b046ef1f-6445-407f-ac5f-5f378a5ec7df.png','d77fa10e-0b8c-4e8d-a916-473cdb9ca1c8'),('/images/product/details/0e431e99-cfb6-4a64-87bc-8beb10686201.png','d77fa10e-0b8c-4e8d-a916-473cdb9ca1c8'),('/images/product/details/8dd3885a-cb30-48b3-be19-4e324759aeff.png','d77fa10e-0b8c-4e8d-a916-473cdb9ca1c8'),('/images/product/details/5f3cf512-a105-4a6b-b277-dcc72bee5953.png','15ababa0-9c2a-47b8-bfe1-c1c88fd14d6d'),('/images/product/details/5b2ea1a8-d75f-4061-a889-04ba8368f044.png','15ababa0-9c2a-47b8-bfe1-c1c88fd14d6d'),('/images/product/details/d6f06da5-14b6-4561-93bb-9b5f128cb723.png','15ababa0-9c2a-47b8-bfe1-c1c88fd14d6d'),('/images/product/details/18bd9edd-e1e6-4a6f-8fb1-d1d1d494c8df.png','adc67fd8-a1e8-4898-90a3-ca3ef72c11e8'),('/images/product/details/c399e79f-577e-46d1-947c-79a0fe39215b.png','adc67fd8-a1e8-4898-90a3-ca3ef72c11e8'),('/images/product/details/c7c70a34-6699-4f1e-8a21-8d478e5e81c7.png','adc67fd8-a1e8-4898-90a3-ca3ef72c11e8'),('/images/product/details/3b250c63-87c6-422a-b78a-bfbbffbb1c88.png','adc67fd8-a1e8-4898-90a3-ca3ef72c11e8'),('/images/product/details/fe753684-1b53-49fa-aea9-22ff315133e9.png','6c2ce2c7-f9e5-4252-9970-fcfeae659de7'),('/images/product/details/18cf583d-9a5d-4596-9129-ff238a25ca22.png','6c2ce2c7-f9e5-4252-9970-fcfeae659de7'),('/images/product/details/dbf3aa6a-5424-4437-9efc-15c295b62109.png','6c2ce2c7-f9e5-4252-9970-fcfeae659de7'),('/images/product/details/b1a5edb5-15f7-4904-bc7f-69795c4cf4b6.png','6c2ce2c7-f9e5-4252-9970-fcfeae659de7'),('/images/product/details/b1c3e32b-1d22-4a8d-a72e-2010b8ae6d42.png','cd8bd9f4-7c57-4da5-9b99-30752eb7bf96'),('/images/product/details/56489830-9d2d-4d5e-81f4-a1a0ea11f04a.png','cd8bd9f4-7c57-4da5-9b99-30752eb7bf96'),('/images/product/details/27495bf4-c13d-47ad-8798-f5d36b70b6f5.png','9ea53567-4b7a-4e76-896b-3e4fb5bce713'),('/images/product/details/5b3cdc41-4c97-40fa-8b56-d26f3949b389.png','9ea53567-4b7a-4e76-896b-3e4fb5bce713'),('/images/product/details/f8b95faa-80af-4415-925c-c75312281edd.png','fb1a9867-43ce-406f-9681-9289868694b9'),('/images/product/details/6b37759e-a6d6-41ed-b2c6-af33e630d49a.png','fb1a9867-43ce-406f-9681-9289868694b9'),('/images/product/details/39a0a1d8-e6fa-48c3-9cdc-5fcb05cb989e.png','988c338b-8f4a-4a18-a32f-667d7424b52e'),('/images/product/details/a9b15e47-6246-4870-9701-da499e5c774c.png','fb41f356-431d-478d-af2b-9a8672d89ca7'),('/images/product/details/8808a4f7-c491-4f16-9ef3-b02572412c3d.png','fb41f356-431d-478d-af2b-9a8672d89ca7'),('/images/product/details/344594b2-b160-44a2-a7cc-4e2b153c7dc1.png','fb41f356-431d-478d-af2b-9a8672d89ca7'),('/images/product/details/066643d9-9d8c-4731-b4e6-42f3c0cb699a.png','fb41f356-431d-478d-af2b-9a8672d89ca7'),('/images/product/details/fb2b78b4-c895-4144-8042-5cf0af1a7eea.png','fb41f356-431d-478d-af2b-9a8672d89ca7'),('/images/product/details/97377b70-4b76-488f-86bf-f30b875b2c4d.png','7d7e01ea-1fec-416d-b144-e35eb96bdd44'),('/images/product/details/ddbc027e-3fc9-418c-826b-e6d56fc47eff.png','7d7e01ea-1fec-416d-b144-e35eb96bdd44'),('/images/product/details/92fb7f68-cb00-49e7-81fe-380077ce71ee.png','7d7e01ea-1fec-416d-b144-e35eb96bdd44'),('/images/product/details/bb1e3297-c448-49f2-97e2-66a212919a69.png','7d7e01ea-1fec-416d-b144-e35eb96bdd44'),('/images/product/details/9ef10706-f8bb-437c-a622-c87189e3e12b.png','7d7e01ea-1fec-416d-b144-e35eb96bdd44'),('/images/product/details/f644a9c5-29a6-4082-bfc3-815f614b42ae.png','e3419f14-379a-4a98-89e8-5abead7cc604'),('/images/product/details/6b9a279c-cf2e-48c9-ab68-7c9f4b28234b.png','e3419f14-379a-4a98-89e8-5abead7cc604'),('/images/product/details/c048618e-de37-40bd-89cb-008ae0ff9c41.png','0069933f-cae6-43dd-9a1b-053e425a72da'),('/images/product/details/47af0d20-f4ad-41f4-8831-5d83f4f4a17d.png','0069933f-cae6-43dd-9a1b-053e425a72da'),('/images/product/details/28bb8068-8930-4979-a117-b0d22b404a75.png','0069933f-cae6-43dd-9a1b-053e425a72da'),('/images/product/details/e1e3e806-2f25-446b-b55d-4f8a6e9c82a0.png','0069933f-cae6-43dd-9a1b-053e425a72da'),('/images/product/details/b5de8d92-75ce-42d1-bbe8-bc5ef2930326.png','fad5dd77-c2a4-4443-b72a-86cab706c220'),('/images/product/details/1a06f9dd-63fd-4380-b58f-a874d228530f.png','fad5dd77-c2a4-4443-b72a-86cab706c220'),('/images/product/details/987bef5b-f2f7-4519-889c-52e8e911e785.png','fad5dd77-c2a4-4443-b72a-86cab706c220'),('/images/product/details/0902d72f-8eb0-46af-be92-686e5b098d1c.png','fad5dd77-c2a4-4443-b72a-86cab706c220'),('/images/product/details/5f5f635d-481c-4920-82fb-96c3fcaee8fb.png','91dbe27c-578a-422c-9d4c-35f2c53f5477'),('/images/product/details/446f3520-dbd4-4798-94de-1e1c1f3996cf.png','91dbe27c-578a-422c-9d4c-35f2c53f5477'),('/images/product/details/26879ec4-4dad-48f3-96a6-90e0ad4c9c0c.png','91dbe27c-578a-422c-9d4c-35f2c53f5477'),('/images/product/details/a0f17fa8-b306-4678-84ff-5c73c3d59cd2.png','91dbe27c-578a-422c-9d4c-35f2c53f5477'),('/images/product/details/2da59f7b-81bd-47a3-832a-bf1f43ccb2e9.png','bf239765-6b1f-45a7-98a8-87a16903623b'),('/images/product/details/b2ba8e27-3784-46bc-9ce1-d7b9f049236b.png','bf239765-6b1f-45a7-98a8-87a16903623b'),('/images/product/details/cf7f6878-45c2-40ab-8d60-8eb1c8a08d39.png','bf239765-6b1f-45a7-98a8-87a16903623b'),('/images/product/details/56cd837f-4a00-4b8a-b18a-284a02d88f7a.png','bf239765-6b1f-45a7-98a8-87a16903623b'),('/images/product/details/0fdec721-6e5d-4571-acb3-66b3249144a2.png','50f2300b-1a80-46bf-9f88-5ee869444586'),('/images/product/details/3611cdec-f887-446e-a79c-ffe5872a8c3b.png','50f2300b-1a80-46bf-9f88-5ee869444586'),('/images/product/details/e6522dad-899a-4468-bf9a-7d1f2ec98803.png','50f2300b-1a80-46bf-9f88-5ee869444586'),('/images/product/details/cf63279e-c7f6-478e-883c-7f0e933cb495.png','50f2300b-1a80-46bf-9f88-5ee869444586'),('/images/product/details/c1babd38-029d-44a6-9b45-26b8eb1bbde3.png','5aef69d3-444f-4484-ab66-78638ee90d28'),('/images/product/details/24db4a3b-9b12-437e-b948-2a0268837cd5.png','5aef69d3-444f-4484-ab66-78638ee90d28'),('/images/product/details/88271aec-e40f-4d04-81cb-b2c419d5ad81.png','5aef69d3-444f-4484-ab66-78638ee90d28'),('/images/product/details/ebad4924-502c-4dbf-93b1-20059151fe4f.png','5aef69d3-444f-4484-ab66-78638ee90d28'),('/images/product/details/5d56216f-41b4-48a3-8abf-fbc2287ecfb5.png','540d6ad7-aa8b-4fab-a4a8-d467d46d0ce9'),('/images/product/details/2c6bfea5-191c-419a-b92c-9e9fbe3a6d4b.png','540d6ad7-aa8b-4fab-a4a8-d467d46d0ce9'),('/images/product/details/189717a0-034f-408b-8093-c229a451ecc1.png','540d6ad7-aa8b-4fab-a4a8-d467d46d0ce9'),('/images/product/details/08414cb5-880f-4451-899b-efc002b69d92.png','540d6ad7-aa8b-4fab-a4a8-d467d46d0ce9'),('/images/product/details/ad46766e-d990-4321-9f4c-4ed8d637c49a.png','4e5c80eb-a5fc-48a4-acaa-f71279771596'),('/images/product/details/a9193cf6-fa17-46ce-b0e7-072d79db7119.png','4e5c80eb-a5fc-48a4-acaa-f71279771596'),('/images/product/details/103cce9d-4ee7-48be-ab77-5ed17819e7ce.png','4e5c80eb-a5fc-48a4-acaa-f71279771596'),('/images/product/details/50b3c46b-9ba7-449a-a1bc-ef9a8860a178.png','4e5c80eb-a5fc-48a4-acaa-f71279771596'),('/images/product/details/807e0993-6d48-470e-b680-9ad571447135.png','ea7da23e-d2b0-44f8-b447-ec715eaa2f99'),('/images/product/details/55e90607-f19c-4600-b40a-bd9cc0e0c008.png','ea7da23e-d2b0-44f8-b447-ec715eaa2f99'),('/images/product/details/9c45f622-8a6d-4494-960b-49f5240ea06f.png','ea7da23e-d2b0-44f8-b447-ec715eaa2f99'),('/images/product/details/6df16098-b537-4e26-9f72-9e6a2faee9ec.png','4cfc00c8-55bc-494d-80be-be7ac1756804'),('/images/product/details/b85add1a-35b4-4ef6-abcf-401e07c8b9a2.png','4cfc00c8-55bc-494d-80be-be7ac1756804'),('/images/product/details/32e4c912-8e59-4881-a470-d5b803ad6004.png','4cfc00c8-55bc-494d-80be-be7ac1756804'),('/images/product/details/cbfd1b56-c4c7-4413-bab1-bbcaa1189236.png','4cfc00c8-55bc-494d-80be-be7ac1756804'),('/images/product/details/e632e25f-4495-4995-a4c9-754bf06fa428.png','d1bfcd1d-5e6f-4ecd-ad86-9b64a408eaee'),('/images/product/details/740d6755-649b-413c-8973-7a8c61673a91.png','d1bfcd1d-5e6f-4ecd-ad86-9b64a408eaee'),('/images/product/details/9e259dc5-90f6-4f98-9675-71241c104dac.png','d1bfcd1d-5e6f-4ecd-ad86-9b64a408eaee'),('/images/product/details/ea999b70-ce19-4804-ba44-a2745122ee76.png','d1bfcd1d-5e6f-4ecd-ad86-9b64a408eaee'),('/images/product/details/f079485b-0067-4064-9400-2977a7136127.png','52814491-bf3e-4a77-b9f0-5c19c6a601c6'),('/images/product/details/19c819e7-6076-4c88-bd55-56e234f5ec3e.png','52814491-bf3e-4a77-b9f0-5c19c6a601c6'),('/images/product/details/d0e334c8-9ffd-4693-93cd-879a6bec5888.png','52814491-bf3e-4a77-b9f0-5c19c6a601c6'),('/images/product/details/3114f1ad-d68e-4b65-9bce-096e9e555b8c.png','52814491-bf3e-4a77-b9f0-5c19c6a601c6'),('/images/product/details/8e06a03c-3034-4de1-bd4c-9c38daf4e90a.png','74c4beee-1a17-49fd-8466-f835b6df0d07'),('/images/product/details/2f19039e-498d-4dad-8610-25da0e601530.png','74c4beee-1a17-49fd-8466-f835b6df0d07'),('/images/product/details/0afe4531-1100-4fd4-8adc-83dd80a3bd14.png','74c4beee-1a17-49fd-8466-f835b6df0d07'),('/images/product/details/2626345a-383c-46c0-b038-b3fc4ccd818d.png','74c4beee-1a17-49fd-8466-f835b6df0d07'),('/images/product/details/2844b436-bbec-4d23-ad00-73c995b15a47.png','75e35606-6bb6-44af-afb7-c529ec1de5c1'),('/images/product/details/423596df-2e8e-4656-aa28-eea187753026.png','75e35606-6bb6-44af-afb7-c529ec1de5c1'),('/images/product/details/532a34a8-2e8c-4909-ad8d-c78fe36711a0.png','75e35606-6bb6-44af-afb7-c529ec1de5c1'),('/images/product/details/b824d0b7-9086-41fd-8d80-aa2ed30ff8e3.png','4d62280a-1b69-4303-9a53-83d127a8590b'),('/images/product/details/0247f970-f94e-4344-989a-85ac713765f8.png','4d62280a-1b69-4303-9a53-83d127a8590b'),('/images/product/details/4faecb7f-a7a3-4af1-9ad5-3d1a81508b43.png','4d62280a-1b69-4303-9a53-83d127a8590b'),('/images/product/details/59aa058b-d2aa-43eb-80bf-bf962e886aa6.png','4d62280a-1b69-4303-9a53-83d127a8590b'),('/images/product/details/24977bff-be81-410c-8778-d4bbc42b3b3b.png','a9f99cfc-62c7-43a4-a9f3-d95a9740fd56'),('/images/product/details/dd33961d-191d-4d2e-a9f2-b0350d8922b9.png','a9f99cfc-62c7-43a4-a9f3-d95a9740fd56'),('/images/product/details/8aee7c71-482f-4bd8-aa09-4ffc7d12c7ac.png','9bc3cec0-921a-4db7-876e-6510910ca85a'),('/images/product/details/a6fe4e63-3380-45cd-bbac-2fe639c53ae7.png','9bc3cec0-921a-4db7-876e-6510910ca85a'),('/images/product/details/f9f118fc-efdd-49af-8da6-7ae919ba0f50.png','9bc3cec0-921a-4db7-876e-6510910ca85a'),('/images/product/details/041cb88d-55c9-4436-818f-ea6918542200.png','94ce80c5-a611-4bb3-a6f1-8b2e3edf1abe'),('/images/product/details/5702d6c9-e365-4b18-9d46-59a2a3642342.png','94ce80c5-a611-4bb3-a6f1-8b2e3edf1abe'),('/images/product/details/e07a9e83-9a9e-458c-80e9-b7bc90f10fd5.png','94ce80c5-a611-4bb3-a6f1-8b2e3edf1abe'),('/images/product/details/cd9e6b8f-9441-456e-9155-b5f7d32dc409.png','94ce80c5-a611-4bb3-a6f1-8b2e3edf1abe'),('/images/product/details/c30dbd01-d29b-42fb-8fbc-9376cd154e49.png','ced0aff9-1176-47f9-bf58-a2a20e47d5f8'),('/images/product/details/fd4b6cb3-13ca-4594-9fb4-747038dd4e30.png','ced0aff9-1176-47f9-bf58-a2a20e47d5f8'),('/images/product/details/580d9787-e8aa-49cd-ad21-87724de283ca.png','ced0aff9-1176-47f9-bf58-a2a20e47d5f8'),('/images/product/details/a1328c07-9bc7-4cdc-95f1-0f113f86c3c4.png','ced0aff9-1176-47f9-bf58-a2a20e47d5f8'),('/images/product/details/2c2e6341-f2db-4997-b42f-2b8d114cb21a.png','ced0aff9-1176-47f9-bf58-a2a20e47d5f8'),('/images/product/details/424b7d78-32f8-4a85-9681-d6ace8785ae4.png','ced0aff9-1176-47f9-bf58-a2a20e47d5f8'),('/images/product/details/f9af0c3c-53e3-48d9-987b-7484857650fa.png','ced0aff9-1176-47f9-bf58-a2a20e47d5f8'),('/images/product/details/56e5d86d-c729-45b8-a878-8efe51a59b08.png','9f7e04cd-330e-42e7-8b77-bd0e9c506506'),('/images/product/details/cc51591b-89f4-4127-a506-a5d0f45b25ff.png','9f7e04cd-330e-42e7-8b77-bd0e9c506506'),('/images/product/details/ab1d6bb0-d5aa-4401-9fae-fc71cc69f46b.png','9f7e04cd-330e-42e7-8b77-bd0e9c506506'),('/images/product/details/bf1f89ef-b943-4110-a63f-f4fc06cfc39a.png','846c9f58-2e66-422e-b039-4fc1f2289c4b'),('/images/product/details/5c7ec374-cc6c-4d56-baf4-a6fffed62c7f.png','846c9f58-2e66-422e-b039-4fc1f2289c4b'),('/images/product/details/b589d2bf-9aca-4dd7-813e-d6ba7cd4979f.png','846c9f58-2e66-422e-b039-4fc1f2289c4b'),('/images/product/details/e4814db6-126b-4791-b839-ffff417d98b3.png','846c9f58-2e66-422e-b039-4fc1f2289c4b'),('/images/product/details/9f75178f-6eb1-47fb-86f6-f09b6b2e67c1.png','fcd6295f-c31b-4db1-aa61-f26abdd0fba2'),('/images/product/details/33948cdd-01a4-48f9-89fd-0dca0d499e78.png','fcd6295f-c31b-4db1-aa61-f26abdd0fba2'),('/images/product/details/47600509-ccb0-4025-b6d8-b58914a4fb0c.png','fcd6295f-c31b-4db1-aa61-f26abdd0fba2'),('/images/product/details/2482d834-dac6-4165-8fb8-b9424383aa13.png','fcd6295f-c31b-4db1-aa61-f26abdd0fba2'),('/images/product/details/cc1e18a8-bc6b-45b8-b805-09d7f61f370f.png','abbe9109-c34f-4488-b66f-767d082db00a'),('/images/product/details/3e039ad9-8654-401b-bcbb-d791cb4dbca0.png','abbe9109-c34f-4488-b66f-767d082db00a'),('/images/product/details/d7a57393-8c5b-441c-984e-555e3a16a4e7.png','abbe9109-c34f-4488-b66f-767d082db00a'),('/images/product/details/a279e8cf-e2c9-4266-b192-a97786534e73.png','abbe9109-c34f-4488-b66f-767d082db00a'),('/images/product/details/7587676d-3980-40c5-b81d-6e53076ba9a0.png','8f8a5b89-98a3-446c-8357-91a5e52381e9'),('/images/product/details/c1aa58c4-8b2f-412b-b311-922e4e43670f.png','8f8a5b89-98a3-446c-8357-91a5e52381e9'),('/images/product/details/240fdce3-35d0-4df5-9e52-831da0e01d1a.png','8f8a5b89-98a3-446c-8357-91a5e52381e9'),('/images/product/details/8f3f845e-6999-41d2-8952-d37fd6d4589b.png','8f8a5b89-98a3-446c-8357-91a5e52381e9'),('/images/product/details/533104fe-3d7e-4eb5-a7da-53a65de8bfc9.png','b16837ed-5dc7-4eda-89ab-6fb6f2366830'),('/images/product/details/feaea8cb-68e7-45d4-8ee8-e78a801bce5e.png','b16837ed-5dc7-4eda-89ab-6fb6f2366830'),('/images/product/details/b1c06770-0216-4ec9-9903-8f9c1ce23ea8.png','b16837ed-5dc7-4eda-89ab-6fb6f2366830'),('/images/product/details/0cb9de94-3dfd-4cb1-b01c-2c22f9169871.png','b16837ed-5dc7-4eda-89ab-6fb6f2366830'),('/images/product/details/9107e88e-fa5c-439b-a8bd-29d544835e83.png','a321646b-73d1-4bf6-8b28-071fdbe19215'),('/images/product/details/722154f5-81b9-4944-8489-219b0089d204.png','a321646b-73d1-4bf6-8b28-071fdbe19215'),('/images/product/details/9ca36b5f-a674-42dd-a5bd-d3ee899f802d.png','a321646b-73d1-4bf6-8b28-071fdbe19215'),('/images/product/details/68f15c17-b335-49f5-85f2-7a62d332aa2b.png','a321646b-73d1-4bf6-8b28-071fdbe19215'),('/images/product/details/31eb38e6-d17a-4484-8cf9-7e09d2b7a073.png','33395d00-2f1a-4788-9b95-39ca1d3b2a45'),('/images/product/details/0c45abb0-8278-47ab-a2f7-35994d64e0fd.png','33395d00-2f1a-4788-9b95-39ca1d3b2a45'),('/images/product/details/9a53eda8-f9ea-415b-91a2-1511de1ed8e1.png','33395d00-2f1a-4788-9b95-39ca1d3b2a45'),('/images/product/details/a50f4404-03dd-46af-b917-a604510d1cf5.png','33395d00-2f1a-4788-9b95-39ca1d3b2a45'),('/images/product/details/22b7f30e-87ef-4343-836e-42d42e74f7d0.png','04a6cbc0-a4f4-441a-bf61-464b7daa10bf'),('/images/product/details/61596e5d-a14e-4b10-8d58-ea0485aa36b5.png','04a6cbc0-a4f4-441a-bf61-464b7daa10bf'),('/images/product/details/8ad0c819-9af1-4573-ab1e-cc2aa4d083f1.png','04a6cbc0-a4f4-441a-bf61-464b7daa10bf'),('/images/product/details/db7ddc2e-c9c9-40dd-9a12-04276de9894e.png','04a6cbc0-a4f4-441a-bf61-464b7daa10bf'),('/images/product/details/0defa2d4-dd11-4388-abc6-85c6c0d05e45.png','50b38704-d771-4072-8d22-d325a20a67fc'),('/images/product/details/3174f587-23fc-4f84-b567-7e58611f83a8.png','50b38704-d771-4072-8d22-d325a20a67fc'),('/images/product/details/4acb5d13-1aa4-4b3e-904d-8687411e7c75.png','50b38704-d771-4072-8d22-d325a20a67fc'),('/images/product/details/6eb18ad4-b747-4d63-b0b1-9b7649876c2f.png','50b38704-d771-4072-8d22-d325a20a67fc'),('/images/product/details/f00aefee-a1bd-4fe5-9f46-46c17b04f9cd.png','2d6e1d1e-3b01-435f-a66d-a5f1a0fb3710'),('/images/product/details/32db7827-03b6-4c70-a963-1b7a4c7a69a7.png','2d6e1d1e-3b01-435f-a66d-a5f1a0fb3710'),('/images/product/details/cab8153a-ad08-4c2a-82d7-1931e01ecd45.png','2d6e1d1e-3b01-435f-a66d-a5f1a0fb3710'),('/images/product/details/e979f1cc-a255-4b9b-a1e2-db976f3f06f5.png','2d6e1d1e-3b01-435f-a66d-a5f1a0fb3710'),('/images/product/details/f7c56b3f-39f9-4eb2-bb07-784c25ad762f.png','2d6e1d1e-3b01-435f-a66d-a5f1a0fb3710'),('/images/product/details/f1ca149d-9a05-4735-8420-1ea17b180e9c.png','dcdbced5-712e-4ac3-89c1-0aeb4e5a32fc'),('/images/product/details/4c78eb60-c928-4002-9571-38ea87e4fc56.png','dcdbced5-712e-4ac3-89c1-0aeb4e5a32fc'),('/images/product/details/f3809ff1-f20a-43a9-bec2-b97317a3ba38.png','dcdbced5-712e-4ac3-89c1-0aeb4e5a32fc'),('/images/product/details/f4e6d5bc-55bd-4f8a-8f9f-071f87176580.png','dcdbced5-712e-4ac3-89c1-0aeb4e5a32fc'),('/images/product/details/90c3f306-77ab-4fa4-95c7-a71899f09fd6.png','c771c54e-6417-462a-9da6-e1e7ebda7cf3'),('/images/product/details/f3ef8739-0c16-4491-b806-145720c5e1ac.png','c771c54e-6417-462a-9da6-e1e7ebda7cf3'),('/images/product/details/02e4bc48-bbf8-4fa0-890a-95205834b2b5.png','c771c54e-6417-462a-9da6-e1e7ebda7cf3'),('/images/product/details/ba4f9be9-37cf-4b28-91c3-9d8de477dc54.png','c771c54e-6417-462a-9da6-e1e7ebda7cf3'),('/images/product/details/ac7d4dc2-082f-4627-873d-2bbdc63e2c1a.png','c5dca553-1325-41c4-beea-7a2f0987cfe5'),('/images/product/details/f08768c6-d63e-4e64-b191-2fa7caa79fd8.png','c5dca553-1325-41c4-beea-7a2f0987cfe5'),('/images/product/details/49010e2b-62b5-4422-8bde-b55e617b14be.png','c5dca553-1325-41c4-beea-7a2f0987cfe5'),('/images/product/details/e3819b9f-77cc-4f17-9cec-9cb5e8991ebc.png','c5dca553-1325-41c4-beea-7a2f0987cfe5'),('/images/product/details/1b886997-49d0-4a33-93a3-fd45a5f1e69a.png','909b9e54-c734-4781-8491-025185df547b'),('/images/product/details/f5256e96-6700-42c0-ad25-da7a7c548246.png','909b9e54-c734-4781-8491-025185df547b'),('/images/product/details/0a966e06-4e07-4dda-9853-1f125cd5f1bf.png','909b9e54-c734-4781-8491-025185df547b'),('/images/product/details/15c2d586-aec9-4d15-99b4-65cfc4066e4a.png','6b5ec9e9-f4a9-46ac-a564-bcbc01c686b3'),('/images/product/details/79ee5b80-91b0-41e5-9849-96f360d913c8.png','6b5ec9e9-f4a9-46ac-a564-bcbc01c686b3'),('/images/product/details/eca5576c-6922-47a1-922a-5e74e6cb639d.png','a89f71da-4f00-4eb7-8672-6ab0a9904b26'),('/images/product/details/b58156cd-5f27-49b2-8653-7a160e718e50.png','a89f71da-4f00-4eb7-8672-6ab0a9904b26'),('/images/product/details/8a6c9f55-7c5f-4cb6-9633-7aba68c2a69f.png','a89f71da-4f00-4eb7-8672-6ab0a9904b26'),('/images/product/details/4a497426-472a-4bbb-939a-7d04b278c707.png','a89f71da-4f00-4eb7-8672-6ab0a9904b26'),('/images/product/details/3a45b6bc-74cd-4eb4-b2a3-d4f5a9b6be47.png','8baa8ac3-f69c-4a5a-89fd-8ef20c4a9ddf'),('/images/product/details/a6b0125a-4f22-45e8-86df-f84e8ecd9018.png','8baa8ac3-f69c-4a5a-89fd-8ef20c4a9ddf'),('/images/product/details/7ce53abe-8a90-4eed-bcf9-b8265569ea55.png','7d53d563-f770-49bd-8d52-8bd68eb8d3f2'),('/images/product/details/4888d1c2-fd3e-4cb6-acc1-5976fe096db9.png','7d53d563-f770-49bd-8d52-8bd68eb8d3f2'),('/images/product/details/4cb73259-be5d-4972-bfde-73e40ce6d587.png','7d53d563-f770-49bd-8d52-8bd68eb8d3f2'),('/images/product/details/090a6059-a78a-420f-b9d1-33260bfb9fb8.png','c603dee6-d79c-4c59-941e-97ba142b0307'),('/images/product/details/cd325c3b-c643-46ad-a052-01324be7513b.png','c603dee6-d79c-4c59-941e-97ba142b0307'),('/images/product/details/1569b865-ae81-4902-9677-63d1058f1581.png','74104630-412e-40be-960b-7a487c5c39b6'),('/images/product/details/3621eb2a-6fe9-470a-92af-bb1660831e57.png','74104630-412e-40be-960b-7a487c5c39b6'),('/images/product/details/2f959303-de3f-4d2b-9ce8-4e789832f287.png','74104630-412e-40be-960b-7a487c5c39b6'),('/images/product/details/8dd287fb-e5ba-4073-b9f1-6cad3b22f148.png','74104630-412e-40be-960b-7a487c5c39b6'),('/images/product/details/cbdb13c8-cf26-42f3-9e31-e7d58f2a2eef.png','74104630-412e-40be-960b-7a487c5c39b6'),('/images/product/details/aef25cd6-65c4-4dfc-8225-91ef7d73dd5f.png','74104630-412e-40be-960b-7a487c5c39b6'),('/images/product/details/fdc01174-12a6-493c-8b20-2bd69634ec3a.png','c2995045-18e3-487a-a22a-1e429645b2b4'),('/images/product/details/4e44194c-a5a7-4a00-b031-41b372aa90e0.png','c2995045-18e3-487a-a22a-1e429645b2b4'),('/images/product/details/1b76e592-e495-41d1-baae-b900addb3bbb.png','c2995045-18e3-487a-a22a-1e429645b2b4'),('/images/product/details/2ad87897-5357-408f-9c7b-693fd8ba5733.png','c2995045-18e3-487a-a22a-1e429645b2b4'),('/images/product/details/92fd3a06-274f-4e26-b0d7-af942d8c00c7.png','c2995045-18e3-487a-a22a-1e429645b2b4'),('/images/product/details/1e7c61dd-edf9-4283-a141-aa32278b96e9.png','bca9c6b1-a6cb-4202-9698-bf154c6f1cd6'),('/images/product/details/ec566880-85a2-4c33-a9e9-2e20bdbb2b24.png','bca9c6b1-a6cb-4202-9698-bf154c6f1cd6'),('/images/product/details/9c1ae907-c59f-49ce-8512-55a2aa7ea2f3.png','bca9c6b1-a6cb-4202-9698-bf154c6f1cd6'),('/images/product/details/46b77038-6617-4a45-9b98-3e82b943ef4c.png','bca9c6b1-a6cb-4202-9698-bf154c6f1cd6'),('/images/product/details/aceab816-724f-42f8-81f8-561092a46643.png','0b766692-5385-4436-9f7a-00531a96a335'),('/images/product/details/6da4d933-4405-4e49-85cf-18b4103740e4.png','0b766692-5385-4436-9f7a-00531a96a335'),('/images/product/details/95451d9f-bd63-49bd-851d-190bfb7a18fd.png','0b766692-5385-4436-9f7a-00531a96a335'),('/images/product/details/9dbc71d9-ffaf-453e-9530-9a787c53628e.png','0b766692-5385-4436-9f7a-00531a96a335'),('/images/product/details/7ac2e067-ebe7-489f-8d65-2ffa74d3ab6f.png','7e0d6d2c-1e1a-4d44-8baa-9a8d38e5317f'),('/images/product/details/558670c3-1b81-4af1-b11f-8121edcb1dce.png','7e0d6d2c-1e1a-4d44-8baa-9a8d38e5317f'),('/images/product/details/530db7ad-3a95-4f11-ab2a-a61793cf77c7.png','7e0d6d2c-1e1a-4d44-8baa-9a8d38e5317f'),('/images/product/details/96cd4841-3a58-4788-b709-95c120a67de3.png','7e0d6d2c-1e1a-4d44-8baa-9a8d38e5317f'),('/images/product/details/e96ab67c-f2e4-421a-a62e-16a6a7bf1856.png','ec6734f4-108b-4b3d-99f2-46e06e3af497'),('/images/product/details/9c2d8c92-42de-46c7-98a2-b7acaf03a2b1.png','ec6734f4-108b-4b3d-99f2-46e06e3af497'),('/images/product/details/dff38b3b-ca08-4874-866f-d13dbc822d93.png','ec6734f4-108b-4b3d-99f2-46e06e3af497'),('/images/product/details/374d1d32-df95-4b43-9522-7c417553da72.png','ec6734f4-108b-4b3d-99f2-46e06e3af497'),('/images/product/details/b22168f7-1922-4dec-ba7c-37158868dcd2.png','9249921f-0c46-40d4-93f1-0959361e0591'),('/images/product/details/5d99a589-5e4a-43f2-90c6-01776c2e7f1a.png','9249921f-0c46-40d4-93f1-0959361e0591'),('/images/product/details/7268902e-d305-45ed-86d5-8951ac5c5b38.png','9249921f-0c46-40d4-93f1-0959361e0591'),('/images/product/details/cd94d131-50cd-4f54-bcdf-c2694c998157.png','9249921f-0c46-40d4-93f1-0959361e0591'),('/images/product/details/4ad5f4b2-ca83-4dd5-b972-22f6fb8e7970.png','a46bad04-6cf7-47b0-bf76-f4be27e3a873'),('/images/product/details/082a02de-0184-4114-aaa8-308a59e8a7ae.png','a46bad04-6cf7-47b0-bf76-f4be27e3a873'),('/images/product/details/eba8e87b-a460-4a46-9b1e-33e9f3c0ba54.png','a46bad04-6cf7-47b0-bf76-f4be27e3a873'),('/images/product/details/c2079be6-2733-4599-b782-11834614259c.png','a46bad04-6cf7-47b0-bf76-f4be27e3a873'),('/images/product/details/8d25b44d-622c-49e8-b70e-0101876a8ae8.png','a46bad04-6cf7-47b0-bf76-f4be27e3a873'),('/images/product/details/422ae9d7-cce9-4ed8-bd89-c6201cf1c299.png','1e3e3f91-8956-45eb-b062-1076554494ba'),('/images/product/details/fd2f73c1-012a-43c3-9902-5310f371953f.png','1e3e3f91-8956-45eb-b062-1076554494ba'),('/images/product/details/d904c560-c333-4c16-b39d-0e051d654b99.png','1e3e3f91-8956-45eb-b062-1076554494ba'),('/images/product/details/3ba176ff-da0e-4db4-a655-3b8e39d6ca84.png','0c651032-123a-4941-98be-5ebb2506ea49'),('/images/product/details/a2977f76-b538-44fc-acba-7863ead442c9.png','0c651032-123a-4941-98be-5ebb2506ea49'),('/images/product/details/5870a8e6-0674-4b33-bf1a-cb889e3ce2fe.png','0c651032-123a-4941-98be-5ebb2506ea49'),('/images/product/details/6585bb63-fca5-49e8-8733-0d231f6792bc.png','0c651032-123a-4941-98be-5ebb2506ea49'),('/images/product/details/99a6aeac-6cd1-4d2f-9230-aec600a38104.png','6f7c2709-c945-481f-a0a0-ad80dc6d21d3'),('/images/product/details/e3d612d2-f2b0-4c92-aaeb-54214a7d2be7.png','6f7c2709-c945-481f-a0a0-ad80dc6d21d3'),('/images/product/details/1a5646f7-10cc-4639-b109-4cfea0fcba19.png','6f7c2709-c945-481f-a0a0-ad80dc6d21d3'),('/images/product/details/c9017618-34b6-4084-b6c9-4e80583d20f9.png','b2035606-14ed-4bf6-9905-cea912627ae4'),('/images/product/details/581cd85c-5f59-469e-95ce-9333aae4f591.png','b2035606-14ed-4bf6-9905-cea912627ae4'),('/images/product/details/11be0235-d357-4a01-8a40-75a9aa08d2a8.png','613c02ec-091f-438c-bb29-055e52a08611'),('/images/product/details/81b7e2f8-1051-41b8-aa79-4bca2b65b4ca.png','613c02ec-091f-438c-bb29-055e52a08611'),('/images/product/details/4dd12dd9-e634-4b2e-86f9-e8e67213ff33.png','613c02ec-091f-438c-bb29-055e52a08611'),('/images/product/details/79767e69-c274-404d-b2dd-8668671d0799.png','613c02ec-091f-438c-bb29-055e52a08611'),('/images/product/details/a5b675e9-7c0f-4f3d-a481-e7c34ba84e0b.png','367920e1-4c71-49c4-8165-bbc818918ac7'),('/images/product/details/5c0a816b-da51-4bc5-94bc-adb31a3c8141.png','367920e1-4c71-49c4-8165-bbc818918ac7'),('/images/product/details/acc99773-474c-499f-98b5-e6ff54ae1f2e.png','367920e1-4c71-49c4-8165-bbc818918ac7'),('/images/product/details/3a7a3e6f-6b51-498d-8693-becf2a084cdf.png','367920e1-4c71-49c4-8165-bbc818918ac7'),('/images/product/details/828dcf75-3d30-4692-a311-e087a9b96344.png','cee1fa43-188e-4d43-802e-cdd9f2e7c567'),('/images/product/details/8259cb13-3637-4727-9c5d-f2cce48724e9.png','cee1fa43-188e-4d43-802e-cdd9f2e7c567'),('/images/product/details/2689ccfd-8360-44ec-97d6-87b9f44c99e0.png','cee1fa43-188e-4d43-802e-cdd9f2e7c567'),('/images/product/details/9f155664-69d7-4d69-9e8d-7cf3682d4711.png','cee1fa43-188e-4d43-802e-cdd9f2e7c567'),('/images/product/details/0bedd479-2646-4698-97a8-8738acef0a64.png','35eb709a-9612-4880-ad17-1222a919d046'),('/images/product/details/215d385b-d97a-4cea-b12b-d4b3fc608f5a.png','35eb709a-9612-4880-ad17-1222a919d046'),('/images/product/details/afc15e67-5595-4161-8543-cf73e655bcc3.png','35eb709a-9612-4880-ad17-1222a919d046'),('/images/product/details/eb35781e-52d3-43cf-ae17-1bf3947696b4.png','35eb709a-9612-4880-ad17-1222a919d046'),('/images/product/details/daad95c0-3e6d-4d22-9c3f-f06735468661.png','ff923bae-ee49-4e6f-a280-63753cdb7d1a'),('/images/product/details/8cb981d9-fa4e-46c2-bdef-c0d9004b2405.png','ff923bae-ee49-4e6f-a280-63753cdb7d1a'),('/images/product/details/d4871ea3-3e2c-40a1-9a47-5e93aa960b5b.png','ff923bae-ee49-4e6f-a280-63753cdb7d1a'),('/images/product/details/6112761e-354a-4356-9606-79884671784e.png','ff923bae-ee49-4e6f-a280-63753cdb7d1a'),('/images/product/details/fafc699e-c474-4cf2-85e3-256ac20c5123.png','ff923bae-ee49-4e6f-a280-63753cdb7d1a'),('/images/product/details/e1aca1af-5a6a-4a1c-972a-3bfa6bc3b347.png','ff923bae-ee49-4e6f-a280-63753cdb7d1a'),('/images/product/details/33180aa6-030b-4942-9cf1-0cc264be34be.png','ff923bae-ee49-4e6f-a280-63753cdb7d1a'),('/images/product/details/1327ff46-c0dd-471d-97e6-9ea697666b4a.png','a06a83f4-0b82-4de3-bcf7-19acfc3b1176'),('/images/product/details/c09e2d2f-1593-46ff-b586-b7fb07cecb42.png','a06a83f4-0b82-4de3-bcf7-19acfc3b1176'),('/images/product/details/0d89b112-202a-405a-a198-f964ce1b10ec.png','a06a83f4-0b82-4de3-bcf7-19acfc3b1176'),('/images/product/details/20315ac5-a6eb-4818-aed6-81636273797e.png','a06a83f4-0b82-4de3-bcf7-19acfc3b1176'),('/images/product/details/254d9511-cbcb-4f6f-86fd-bef8859561a3.png','a06a83f4-0b82-4de3-bcf7-19acfc3b1176'),('/images/product/details/ae24b48a-282f-43b9-a334-1356e7dbf5f6.png','a06a83f4-0b82-4de3-bcf7-19acfc3b1176'),('/images/product/details/1384c537-df20-4fc3-9d17-14f72e517079.png','a06a83f4-0b82-4de3-bcf7-19acfc3b1176'),('/images/product/details/cd8b00a4-bedd-4370-859f-984c9306dcce.png','e64624c9-a0f2-4ed3-b3af-047d7d7ae1fc'),('/images/product/details/f09132cd-647c-4168-ae35-e8a9922d9ad3.png','e64624c9-a0f2-4ed3-b3af-047d7d7ae1fc'),('/images/product/details/6ea60522-31f0-4a33-979f-50d0a9aa7d27.png','e64624c9-a0f2-4ed3-b3af-047d7d7ae1fc'),('/images/product/details/179d72ee-286d-46f3-825f-cee05cedc094.png','a075f888-c0c0-464d-bfc2-feab125ba0d5'),('/images/product/details/321b6ac3-2727-4907-9398-c62d9dab1a07.png','a075f888-c0c0-464d-bfc2-feab125ba0d5'),('/images/product/details/59cb4dd6-391f-4fd2-9549-54e40883b0df.png','a075f888-c0c0-464d-bfc2-feab125ba0d5'),('/images/product/details/0870ca56-9ec4-40c3-8617-5c7504a81efe.png','a075f888-c0c0-464d-bfc2-feab125ba0d5'),('/images/product/details/099ba96a-0721-45f5-ac80-8cf07eccf2ee.png','a075f888-c0c0-464d-bfc2-feab125ba0d5'),('/images/product/details/79bab972-1263-4c62-b7c7-008bfba9b314.png','1937c437-5c03-497d-82fa-d2145031fe99'),('/images/product/details/b10c5c67-2524-4a8c-8f84-8417c155522e.png','1937c437-5c03-497d-82fa-d2145031fe99'),('/images/product/details/6db3859f-0433-4b43-8ab0-3e44a8aa305c.png','1937c437-5c03-497d-82fa-d2145031fe99'),('/images/product/details/1cb42bad-ac75-4b1b-bdec-ef95f3ddc7fd.png','1937c437-5c03-497d-82fa-d2145031fe99'),('/images/product/details/79058640-b14f-4784-abdb-1912207e936d.png','1937c437-5c03-497d-82fa-d2145031fe99'),('/images/product/details/cffad1d4-99bc-4586-813c-a970435f7d52.png','1937c437-5c03-497d-82fa-d2145031fe99'),('/images/product/details/8707c98a-49f2-4b8d-89f9-36180a514283.png','1937c437-5c03-497d-82fa-d2145031fe99'),('/images/product/details/76d5c7f5-ecb7-4a1d-9e65-e25e604d3904.png','54911a91-bcb6-4565-aaf8-0e7855877411'),('/images/product/details/33f5b229-2601-4066-aa8b-8a4d43e0e48e.png','54911a91-bcb6-4565-aaf8-0e7855877411'),('/images/product/details/021a2067-10aa-4c61-b8cd-268ecb07cc6d.png','54911a91-bcb6-4565-aaf8-0e7855877411'),('/images/product/details/30317ac2-17eb-45f8-97b5-74c11c54ad9f.png','54911a91-bcb6-4565-aaf8-0e7855877411'),('/images/product/details/7b5b409f-9f21-418a-bcb4-119abf75fef6.png','c829dc7f-6e00-4c3b-b889-f76b56ce3d9b'),('/images/product/details/f9e450ec-44fc-4604-9250-6a04dd03f98c.png','c829dc7f-6e00-4c3b-b889-f76b56ce3d9b'),('/images/product/details/7a291ccb-bb59-4e2a-ad01-dcba939201f1.png','c829dc7f-6e00-4c3b-b889-f76b56ce3d9b'),('/images/product/details/abb55668-3565-4ecb-9c30-a71a7b53712a.png','c829dc7f-6e00-4c3b-b889-f76b56ce3d9b'),('/images/product/details/9c324129-3df1-4fd4-b0e1-ff46db15bd86.png','99f306a0-edf6-4f52-9779-78822f52a895'),('/images/product/details/5d92492c-bc77-47be-8205-dc2032bd5cd7.png','99f306a0-edf6-4f52-9779-78822f52a895'),('/images/product/details/dab9fab1-55ea-4a0f-b193-c0397278fe95.png','6fb0bb04-bfa7-4f83-ba6b-9936ab6a4481'),('/images/product/details/414df5cd-0a19-4061-9489-ba785ef6e9a9.png','6fb0bb04-bfa7-4f83-ba6b-9936ab6a4481'),('/images/product/details/61445338-2a76-410c-a87d-777cf6a4c8d1.png','a503355b-916c-448b-a702-30c08f13eac2'),('/images/product/details/3674c6e8-a35c-4c86-89df-234184971547.png','a503355b-916c-448b-a702-30c08f13eac2'),('/images/product/details/0cc5582c-fc54-4bbe-a068-28f567392413.png','6b7a16ab-e9d1-4c5d-80e4-e31130154049'),('/images/product/details/b36a78f7-a033-4aa2-ab92-2e600a187e24.png','6b7a16ab-e9d1-4c5d-80e4-e31130154049'),('/images/product/details/f15acfbc-2a5a-4243-8a84-2d1556711562.png','6b7a16ab-e9d1-4c5d-80e4-e31130154049'),('/images/product/details/68d31a80-689e-42c9-a807-9ca1e38f9f0e.png','fac93314-2c1e-46f0-9656-7d3d219e7c17'),('/images/product/details/a291e357-58bc-47ac-861b-49fc2973b98a.png','a61e9ed0-e38a-46ab-8319-05d3d3c9e131'),('/images/product/details/7605b73f-ae3a-4411-8e48-eed3e1b8a839.png','a61e9ed0-e38a-46ab-8319-05d3d3c9e131'),('/images/product/details/5f663a72-9ef0-43a3-becb-e77e3e0ea28e.png','a61e9ed0-e38a-46ab-8319-05d3d3c9e131'),('/images/product/details/d0ff29b4-9a2d-44d9-b594-deba64189f46.png','a61e9ed0-e38a-46ab-8319-05d3d3c9e131'),('/images/product/details/e887bc76-22b7-435a-bffd-1ab962180555.png','a61e9ed0-e38a-46ab-8319-05d3d3c9e131'),('/images/product/details/3ed5d3f8-7c7c-4940-b1b9-000b5e4dd31c.png','a61e9ed0-e38a-46ab-8319-05d3d3c9e131'),('/images/product/details/02a2cc9f-a53b-4c71-a322-85af1bb96efe.png','a61e9ed0-e38a-46ab-8319-05d3d3c9e131'),('/images/product/details/adeaa61a-c90e-44e6-80f9-a4f0cb60cfbd.png','169bcbc0-bd15-4a6c-b390-eb6c6afd2fea'),('/images/product/details/86f881f2-dc5f-48b2-bd12-ffad26212ae4.png','169bcbc0-bd15-4a6c-b390-eb6c6afd2fea'),('/images/product/details/17df894e-22d6-432e-821d-d82dd2a9cf5e.png','169bcbc0-bd15-4a6c-b390-eb6c6afd2fea'),('/images/product/details/031a0ba9-3b78-46d0-a904-025d0231b380.png','169bcbc0-bd15-4a6c-b390-eb6c6afd2fea'),('/images/product/details/b5fce5fe-d719-4aa6-8f09-36fe29d0b6a0.png','28ddc1bc-1b3a-4a81-9dee-1f0682836d5b'),('/images/product/details/ec611c5f-8888-46d2-87bc-5e8119bc477a.png','28ddc1bc-1b3a-4a81-9dee-1f0682836d5b'),('/images/product/details/919055b4-0525-49f7-854a-5dd01b41b99b.png','be8c9869-36f2-4016-9bb3-df104aa7e2ea'),('/images/product/details/3f113c55-e330-4ed2-9a02-5cf68bebe83c.png','be8c9869-36f2-4016-9bb3-df104aa7e2ea'),('/images/product/details/713dd999-d2a3-4e55-b339-31e5142b25ca.png','be8c9869-36f2-4016-9bb3-df104aa7e2ea'),('/images/product/details/dad25668-408d-46f1-b898-afde2c578c21.png','f60fb38a-e5ec-4106-8293-0808e6cac594'),('/images/product/details/d4147d59-ef2d-4ff2-8c99-505074bc8d1d.png','a6df7920-c873-464a-9c9b-bbd73de5cea2'),('/images/product/details/df186d2e-7a14-4105-8599-64faa63a1645.png','a6df7920-c873-464a-9c9b-bbd73de5cea2'),('/images/product/details/04604eac-c671-40c5-8c17-247334d7ad2d.png','a6df7920-c873-464a-9c9b-bbd73de5cea2'),('/images/product/details/1e9807cc-1629-4ba7-84b8-e52fcfa431b4.png','a6df7920-c873-464a-9c9b-bbd73de5cea2'),('/images/product/details/90008018-8170-496d-a506-d613936b2ddd.png','6e0448bd-4f39-489e-9c0c-e7214f0d9c78'),('/images/product/details/a3367f00-9356-4755-96b1-e5036967bced.png','6e0448bd-4f39-489e-9c0c-e7214f0d9c78'),('/images/product/details/779ec9f3-e248-4b1b-9273-3b4bd9d7d451.png','78e3d66b-de7a-468f-b387-568b29a43241'),('/images/product/details/c1fcdc11-d07b-45dd-b1b8-bda42ca8d2b6.png','78e3d66b-de7a-468f-b387-568b29a43241'),('/images/product/details/14765779-19e3-4773-9a51-37a2752ed415.png','1541f042-7dd5-41e3-a4a1-5b0ca6230ce3'),('/images/product/details/fac52fd5-30b2-44e6-b32e-9ce3080d976a.png','1541f042-7dd5-41e3-a4a1-5b0ca6230ce3'),('/images/product/details/082a7d61-3951-4f6b-919e-9f110677cb26.png','7f7a5bf1-9f66-471e-ae44-94ee250ec5f0'),('/images/product/details/99e43ac6-c45f-4b4d-bdec-a5e23fec5eb7.png','e32c0e77-1771-4a18-abdf-53e860e92638'),('/images/product/details/d37b4e79-27b8-42e2-9596-ba6ac81da2d6.png','2e53fa4f-466e-4e36-bc3b-a5b74a860d69'),('/images/product/details/533ea82d-2902-4f3c-b045-ae5f232a830a.png','2e53fa4f-466e-4e36-bc3b-a5b74a860d69'),('/images/product/details/96ab133b-6f80-4ad3-adc2-095fa5452ca4.png','532ef506-a124-45da-8237-aebdba9aec62'),('/images/product/details/c3bdbf0c-3c4d-4e06-a4c3-844098cdcf7f.png','ce9faef4-dfd8-4127-a73a-76690ccfc430'),('/images/product/details/bb94aae5-cd0d-4756-9b7a-358ac0286fdd.png','fff30354-8d36-4d8c-a1b0-60270a47afdd'),('/images/product/details/00004e62-6aea-474b-80da-6a98b2b2bd64.png','18d1365d-9891-4aa3-ad27-29d9ac913595'),('/images/product/details/4371ee2f-c7bc-48f3-a8bb-bc602d2b8785.png','2c5f5103-12c6-450e-99d6-b5e8b6353b18'),('/images/product/details/253c47e2-7b16-4d81-855f-8314d1296811.png','ee5dcfad-cd63-4def-a8b7-0aa707cf1cd3'),('/images/product/details/f8726030-d20d-4be0-9c55-8570e4ecca80.png','042d3196-b3cd-4dd1-be39-30cc4e4c8cf4'),('/images/product/details/e46401f3-ce51-40ae-af2c-6b508cfbe916.png','ed98578b-c06a-4b41-9d38-77978b298b6b'),('/images/product/details/d9f416b5-3451-48c3-9ebe-f6c3b54ef7af.png','c723144a-d136-4b11-86c3-6191b7a768e4'),('/images/product/details/e79b2253-9eb2-4cbd-8d3f-2cff00beb47f.png','5b5d5316-834c-4edc-8173-940365ee06ed'),('/images/product/details/1cb727a0-30ab-4fa2-8920-7c70b455557d.png','22fec19b-3102-4080-bc82-9f9e9994a7ed'),('/images/product/details/8f226b5b-7726-4c31-9db3-fe225a6ba605.png','2714d998-e773-4c58-a71a-90dd575fea15'),('/images/product/details/c2cdb724-4f09-4656-9475-cbc85dba2c50.png','5fcdfbff-937a-425f-a43b-f84db679e5ce'),('/images/product/details/55bc2591-42ca-41ca-b6e5-25a8177e6f80.png','3993fd3a-3f38-47b7-8de9-226e0134e555'),('/images/product/details/3c38498b-f408-486e-8541-b20c27013105.png','591cadb4-b5bb-4591-a29e-66ef0b0b4362'),('/images/product/details/af8abf8e-d20c-4f57-8281-413799230401.png','ea82835d-2c4a-4b8c-ade4-449e91ec5f1b'),('/images/product/details/023630b2-a011-4f73-88ff-d1f38e95e24b.png','e2da3376-619f-4c5f-a39d-d26ccf06f615'),('/images/product/details/28f03ef0-5cfa-4441-aa0b-2190c6232df2.png','8565ee90-2267-40da-b107-73bbb27fbd69'),('/images/product/details/96c40a1d-9118-407e-b6de-071576308a5e.png','b50c25da-eb41-4c52-88e7-98ad3dc511af'),('/images/product/details/83b7b61e-d924-45d2-b6b6-4fbd0054c60d.png','84eed985-2449-4861-8928-1a7651af4879'),('/images/product/details/3faaf6f6-c692-49bf-bbff-a9de86955f6d.png','baef4c86-552d-494c-9cf1-e61620e494f9'),('/images/product/details/fa96cb32-868c-4f16-a280-13456bafff28.png','79c4cf46-09c9-4dd1-afac-49013bd27708'),('/images/product/details/90e74ee5-79b6-4842-872b-94b95cdfefa5.png','984a4b93-a86f-424a-b681-98ba786e193a'),('/images/product/details/95bda036-52f8-4058-ab5f-5c9be0085545.png','cf1ae0c5-40fe-4b45-9fdf-0a174df81a08'),('/images/product/details/8bf885be-84a4-477f-a72d-dc3f5b5b3f7f.png','774566bd-6467-4369-9d0d-936355d47210'),('/images/product/details/51ba8491-b750-4839-bd98-6126e809a012.png','876bafb1-a034-45c5-8353-4535b3246473'),('/images/product/details/534f1b5f-95da-4b1e-9755-26b932cc3efb.png','8e638561-b57e-4fb5-9316-f7189217eeb8'),('/images/product/details/c8fe1768-a6f8-4f13-8d9f-22a4533d35d6.png','7f851cd2-60f8-41ee-8cfc-9328e44ab4a1'),('/images/product/details/0ca74db1-42b1-4a81-af9a-1689614c46a5.png','a196c3aa-d626-4d9a-b754-453810ca42ed'),('/images/product/details/68005e33-b1e3-4850-9667-1e096deeccd3.png','1480fb26-68e2-4d5b-8317-4f44e8b1bd82'),('/images/product/details/d8f1ce06-e318-4d51-a278-171b5bf8ead8.png','3dfff4cb-23b0-4f3e-b028-524b688bdc1e'),('/images/product/details/21d984df-3774-40ef-ac23-37bcab7eb685.png','522d99f2-4a6d-4969-97a4-d06dc5c76c48'),('/images/product/details/7b1c0bf6-5a48-4813-adf4-c21167826991.png','568c3287-368b-4617-ab4a-5a1e19d6f5f3'),('/images/product/details/fdf4646c-e687-498c-9f17-7bd02a5e2093.png','dbeed0f1-01d9-4038-9e07-6eaf47d7bb5f'),('/images/product/details/3e5b1074-f402-4be3-b896-f4d70193e9cb.png','9b900b52-f85e-4c95-9bfd-85401af597b7'),('/images/product/details/50b7e7a2-2dfa-4708-8725-f1a19ade1218.png','76775f78-8463-4ff0-8852-2224918883a2'),('/images/product/details/bcd11f87-f1db-46c2-998f-2743813bf3a1.png','d77fa10e-0b8c-4e8d-a916-473cdb9ca1c8'),('/images/product/details/c2313c5d-0ace-40a8-9009-9035c454be1d.png','15ababa0-9c2a-47b8-bfe1-c1c88fd14d6d'),('/images/product/details/5dfa3307-0494-491e-882f-91519ac52393.png','adc67fd8-a1e8-4898-90a3-ca3ef72c11e8'),('/images/product/details/dca28688-d490-45ec-991a-852458357b7a.png','6c2ce2c7-f9e5-4252-9970-fcfeae659de7'),('/images/product/details/8b4af402-bf25-4b34-b580-99bdf1924f70.png','cd8bd9f4-7c57-4da5-9b99-30752eb7bf96'),('/images/product/details/cb3cb55e-9c00-411b-8eed-975498c4bbcd.png','9ea53567-4b7a-4e76-896b-3e4fb5bce713'),('/images/product/details/a0d0262e-0c69-400e-b64e-28bb33e82240.png','fb1a9867-43ce-406f-9681-9289868694b9'),('/images/product/details/446f7386-1bbc-4e29-beb3-cefa2269e268.png','988c338b-8f4a-4a18-a32f-667d7424b52e'),('/images/product/details/2c0edc9d-31cf-4601-96e1-dccdc4151190.png','fb41f356-431d-478d-af2b-9a8672d89ca7'),('/images/product/details/3867d9de-dae6-4c4b-a115-c92d9ea02454.png','7d7e01ea-1fec-416d-b144-e35eb96bdd44'),('/images/product/details/cae87e98-25c7-466c-ac5f-b5ad00e80af3.png','539499f1-1fef-4fdd-a487-c086d705e9c4'),('/images/product/details/02cd845a-e7f5-4267-b507-6af969ab8adc.png','e3419f14-379a-4a98-89e8-5abead7cc604'),('/images/product/details/3b6e9430-1e49-4356-8700-6cbd0d0a90a6.png','0069933f-cae6-43dd-9a1b-053e425a72da'),('/images/product/details/9b3efaa7-8484-4afe-b652-654ffdb8c04f.png','fad5dd77-c2a4-4443-b72a-86cab706c220'),('/images/product/details/3d3e0c0d-9630-40c5-804b-3b65c421d771.png','91dbe27c-578a-422c-9d4c-35f2c53f5477'),('/images/product/details/be4ca77b-693e-4c79-8127-1eda6ad638bb.png','70630bf3-392a-4755-b73d-dbb713a8743c'),('/images/product/details/b93d3259-82f9-4582-aaed-496bc4eccf6f.png','bf239765-6b1f-45a7-98a8-87a16903623b'),('/images/product/details/11576418-05e1-46d2-b7b5-a3dddbd44807.png','acc4f0d3-1928-4843-86f8-c1272a67b435'),('/images/product/details/259adec8-ff0b-48f0-a016-5d56b0518584.png','50f2300b-1a80-46bf-9f88-5ee869444586'),('/images/product/details/a0867c2f-772b-4112-adf6-49042d839340.png','5aef69d3-444f-4484-ab66-78638ee90d28'),('/images/product/details/2a35d022-0106-4366-b38c-2f8cca25599b.png','a8b41b5b-746f-4049-ad93-ca6e10c3e053'),('/images/product/details/23af410b-9e30-436e-9d74-cf22375e796d.png','540d6ad7-aa8b-4fab-a4a8-d467d46d0ce9'),('/images/product/details/54a25b4c-f814-4871-99a0-685043ebfb1f.png','c66b92e9-5d59-4e70-b573-a36e965993d6'),('/images/product/details/e280664b-11e8-4d89-90b3-361ff03eb36f.png','4e5c80eb-a5fc-48a4-acaa-f71279771596'),('/images/product/details/a0cb42f4-a60c-4806-aa07-f29f5844de99.png','ea7da23e-d2b0-44f8-b447-ec715eaa2f99'),('/images/product/details/8afd18fb-2294-4c39-ba92-06f3b4c53351.png','6730c32b-964d-4a42-bb63-665e1a2f9fef'),('/images/product/details/e7159577-ecb7-4b4b-93a8-ad6c66463ee0.png','83716568-a50d-4fe0-9cde-16fbbd4f8f86'),('/images/product/details/ac09b7e5-9050-4d47-a5ea-df62b93345c2.png','1c6bde47-f94b-4a24-8d4a-802b38fd106d'),('/images/product/details/d88a403f-aa05-4a25-9cf8-3bb517ca5a8f.png','4cfc00c8-55bc-494d-80be-be7ac1756804'),('/images/product/details/f25591e5-017e-4b11-a239-533de6cf4e09.png','d1bfcd1d-5e6f-4ecd-ad86-9b64a408eaee'),('/images/product/details/fc510180-a4fc-42c8-8b41-61b4c898204e.png','52814491-bf3e-4a77-b9f0-5c19c6a601c6'),('/images/product/details/d4b019ca-0069-4d92-b4a8-3648963b7e26.png','74c4beee-1a17-49fd-8466-f835b6df0d07'),('/images/product/details/e4e0437c-0253-48d8-9efe-13dfa112cf95.png','75e35606-6bb6-44af-afb7-c529ec1de5c1'),('/images/product/details/28928ec9-c62c-4db1-b761-6cf06f50cbed.png','f3108ac4-3f9c-44d6-89d8-de3bca503581'),('/images/product/details/056ca085-cbff-4910-8b6d-dccd69fa562a.png','55f381f6-148b-49a9-8ef7-4f114f4ce379'),('/images/product/details/1b758ee3-95c7-4c1c-95d6-b233c84580ae.png','4d62280a-1b69-4303-9a53-83d127a8590b'),('/images/product/details/f2a6587b-06a8-4e9a-88ef-b13f34130195.png','a9f99cfc-62c7-43a4-a9f3-d95a9740fd56'),('/images/product/details/d3987047-1a6b-489f-a35c-07388222a6b9.png','9bc3cec0-921a-4db7-876e-6510910ca85a'),('/images/product/details/55366000-0950-4134-af6b-ff3888e7cfd3.png','06be8a09-839c-4cb2-a87c-31619d7218bb'),('/images/product/details/ae20d28c-030b-4c09-a8fd-cfe0ce989602.png','bdb12ef1-d147-468b-a4df-d2c7f1b4cf2a'),('/images/product/details/511b2272-4bd6-4b72-8179-b2d7cd3c045a.png','94ce80c5-a611-4bb3-a6f1-8b2e3edf1abe'),('/images/product/details/15f7a5dc-9096-457d-88c5-b8f98632f82a.png','9f7e04cd-330e-42e7-8b77-bd0e9c506506'),('/images/product/details/e3d54440-db0e-430a-8cd9-8ebe442af5f6.png','846c9f58-2e66-422e-b039-4fc1f2289c4b'),('/images/product/details/4888579f-b638-4a96-99a5-feb964fa1583.png','fcd6295f-c31b-4db1-aa61-f26abdd0fba2'),('/images/product/details/57058cfe-5bce-4b47-99c2-2862d93a344d.png','65a684a2-d83d-4474-930f-652b2fbfa80f'),('/images/product/details/be5b1f33-3ffb-41c1-8d21-12ff23ee818f.png','e6dc62b2-0dd5-429e-8d60-7e78d8b803cf'),('/images/product/details/9fbcc7b7-c81c-47ee-bde8-d0883fb1406d.png','abbe9109-c34f-4488-b66f-767d082db00a'),('/images/product/details/a632cfb1-ad2e-4f61-bce0-357eec149cf6.png','8f8a5b89-98a3-446c-8357-91a5e52381e9'),('/images/product/details/d2a4dc95-4111-453a-95a2-cc927db18b32.png','72b5968c-0acf-46cc-8796-a5243f635680'),('/images/product/details/b5c1a496-bb3c-49d5-aba5-6923f0eec9c7.png','ced0aff9-1176-47f9-bf58-a2a20e47d5f8'),('/images/product/details/57b28a68-1aa7-469e-9fd4-957187ddb061.png','b16837ed-5dc7-4eda-89ab-6fb6f2366830'),('/images/product/details/d6e73898-9fff-4778-bd84-0e718893356a.png','a321646b-73d1-4bf6-8b28-071fdbe19215'),('/images/product/details/221c7181-5264-4398-888d-cc2ca75a86cc.png','33395d00-2f1a-4788-9b95-39ca1d3b2a45'),('/images/product/details/67276fe7-401b-43e0-8ad7-dbf49f3f3909.png','04a6cbc0-a4f4-441a-bf61-464b7daa10bf'),('/images/product/details/b3ac471e-aa2f-48f8-9887-10f9e2e696de.png','50b38704-d771-4072-8d22-d325a20a67fc'),('/images/product/details/e78fd7f9-027f-44ec-9af9-1d005b582291.png','76fbce18-537e-41aa-817d-e12971983c5f'),('/images/product/details/13f8ef0a-b256-4b70-ba7f-febe9bbe4f51.png','2d6e1d1e-3b01-435f-a66d-a5f1a0fb3710'),('/images/product/details/c30e63e3-1aa5-43f5-b5a5-10f02c124bb5.png','dcdbced5-712e-4ac3-89c1-0aeb4e5a32fc'),('/images/product/details/d8951797-e006-437f-a172-574b664f90ff.png','c771c54e-6417-462a-9da6-e1e7ebda7cf3'),('/images/product/details/9ff3be54-e277-40b4-8163-17050706c39c.png','c5dca553-1325-41c4-beea-7a2f0987cfe5'),('/images/product/details/f8bfdb46-52a3-4261-af13-d3cf85d93a92.png','909b9e54-c734-4781-8491-025185df547b'),('/images/product/details/f4fe55de-f5cf-4076-bd45-06beb90447f4.png','6b5ec9e9-f4a9-46ac-a564-bcbc01c686b3'),('/images/product/details/5d66a182-7f17-4d20-a722-c4d87b13dfd2.png','a89f71da-4f00-4eb7-8672-6ab0a9904b26'),('/images/product/details/c4595cce-ff01-4bb9-a0de-3473a38ec665.png','8baa8ac3-f69c-4a5a-89fd-8ef20c4a9ddf'),('/images/product/details/9cc47c77-0c35-4302-8355-e3091ab583e6.png','7d53d563-f770-49bd-8d52-8bd68eb8d3f2'),('/images/product/details/5f277e76-de7b-4585-b012-9dd9b0d43ea3.png','c603dee6-d79c-4c59-941e-97ba142b0307'),('/images/product/details/d7d8ac4c-756d-4629-922a-686fd4102fd1.png','74104630-412e-40be-960b-7a487c5c39b6'),('/images/product/details/0e0b7b4d-5ea6-4a65-bb2e-1a35b8a68c1c.png','c2995045-18e3-487a-a22a-1e429645b2b4'),('/images/product/details/86aa6c2a-ac65-4533-b35a-e6752902b280.png','bca9c6b1-a6cb-4202-9698-bf154c6f1cd6'),('/images/product/details/88557ad6-b7e4-4f86-8a9d-bf2d5ebf271f.png','0b766692-5385-4436-9f7a-00531a96a335'),('/images/product/details/19743bb4-6551-4fdb-916e-73eec8063f86.png','7e0d6d2c-1e1a-4d44-8baa-9a8d38e5317f'),('/images/product/details/326d79af-099b-42b3-a608-16343f9dceba.png','ec6734f4-108b-4b3d-99f2-46e06e3af497'),('/images/product/details/a354f4fa-88d2-4202-aae0-5ac9d8a5bc3b.png','9249921f-0c46-40d4-93f1-0959361e0591'),('/images/product/details/731eef40-e3f0-4c9c-9b4a-47334d92cb12.png','c12550c5-63da-4dc4-ae76-6e7f0d75c7e7'),('/images/product/details/7bf38693-ae31-4f8e-a0df-9d0b09b04f64.png','a46bad04-6cf7-47b0-bf76-f4be27e3a873'),('/images/product/details/3bb7ca78-1cac-4fec-9566-8711c9b3c96e.png','1e3e3f91-8956-45eb-b062-1076554494ba'),('/images/product/details/90487633-658d-4567-98e9-007f652b798c.png','ececc25e-1d2d-45ac-896c-ae24977c5f59'),('/images/product/details/2eb88328-f502-4e05-b0a8-7d9fc0437a5a.png','e3bc5555-0e1c-4b7b-8c3e-31b9cb8409e0'),('/images/product/details/7bf803cf-58a2-4f07-98d8-782cbcfb7a5b.png','0c651032-123a-4941-98be-5ebb2506ea49'),('/images/product/details/8e5d53cc-7b57-4a1e-ab8e-a5701da4ae29.png','6f7c2709-c945-481f-a0a0-ad80dc6d21d3'),('/images/product/details/a8d61ed2-911a-42e4-9580-69415985e319.png','bb8db5d0-3352-4c1f-b107-d447f46ed324'),('/images/product/details/0bafcfa8-3250-48dd-aaca-0c47267650a6.png','b2035606-14ed-4bf6-9905-cea912627ae4'),('/images/product/details/847e4595-42f4-4269-ab17-3f3d41d8b8e6.png','0070de08-ba43-4b2f-899d-40a90e71bd15'),('/images/product/details/fed94907-cb8d-413f-b439-532cd8aef90f.png','2cd5529c-1359-4b73-acad-d33852481177'),('/images/product/details/64e0f4d0-69e9-4a33-a235-0cedd629ef42.png','01b00fbe-6c09-4f40-b713-8514cba06cca'),('/images/product/details/1673ff30-41e3-48fd-ba97-f001525525d5.png','613c02ec-091f-438c-bb29-055e52a08611'),('/images/product/details/4cba517b-3940-494a-9f4d-5d626f05f332.png','367920e1-4c71-49c4-8165-bbc818918ac7'),('/images/product/details/6eb2ee6b-ca8e-4e6d-be6d-9de1cca49ede.png','cee1fa43-188e-4d43-802e-cdd9f2e7c567'),('/images/product/details/294eb0b4-8ba5-49eb-be59-9b9ce61430d9.png','35eb709a-9612-4880-ad17-1222a919d046'),('/images/product/details/6dfe5ef8-d4f3-4e35-abca-6d7724130018.png','ff923bae-ee49-4e6f-a280-63753cdb7d1a'),('/images/product/details/4c2bd7d4-b6b7-463a-be0e-8b5c4a589cdf.png','a06a83f4-0b82-4de3-bcf7-19acfc3b1176'),('/images/product/details/e41aabc8-17b1-4a93-a37a-7dd340c37563.png','e190b845-8911-45d4-9739-c3c25c6b3335'),('/images/product/details/997f2374-0637-461e-b53d-01d31a5edbd7.png','a075f888-c0c0-464d-bfc2-feab125ba0d5'),('/images/product/details/8a0c6b4c-864e-4f0f-9b38-f31aeb9bfdd6.png','1937c437-5c03-497d-82fa-d2145031fe99'),('/images/product/details/33f66e40-c2f7-4145-8f6a-fe961204f546.png','c829dc7f-6e00-4c3b-b889-f76b56ce3d9b'),('/images/product/details/544b7c21-e11d-4cb5-8641-3185f5f0bc94.png','66cf2136-ff40-4454-bc28-e3cdab4d27bc'),('/images/product/details/011fa424-ecba-4b9c-b68f-4f0c069ef295.png','7878a909-e716-4b01-895c-f470023a6243'),('/images/product/details/6f4c87ee-90fb-49da-823a-7ccc7e20eb9c.png','a503355b-916c-448b-a702-30c08f13eac2'),('/images/product/details/2e4e1bd0-aff7-4e37-a29c-99111883a89b.png','6b7a16ab-e9d1-4c5d-80e4-e31130154049'),('/images/product/details/9e63e9ba-e444-4bd6-bdf7-6a53b66a81e6.png','8f2821bc-2489-4893-902c-4747bb3b90d8'),('/images/product/details/1eb4b73f-bcb5-4166-8c0c-26001c8fdc41.png','fac93314-2c1e-46f0-9656-7d3d219e7c17'),('/images/product/details/85fb393e-bf14-4f47-84d3-c688a62ce3f7.png','a908c66c-74be-412f-ba6e-f1c76b272103'),('/images/product/details/290eea02-176d-4837-a450-129c907627ea.png','2537065b-62d7-42ed-b9ae-d31dcc2f43d9'),('/images/product/details/4d84a3c5-c07c-4851-ba25-c7a14e17dbe7.png','48b9dd99-9627-4ba9-b98e-3b5bd907b4b9'),('/images/product/details/33ea19f7-6808-4c94-bfa6-f49761d78204.png','b8b4b36a-636d-4cb7-b969-7832f3f9ecf6'),('/images/product/details/71e20e95-1830-4b99-86bf-51b1417827d1.png','a61e9ed0-e38a-46ab-8319-05d3d3c9e131'),('/images/product/details/3782348a-e85e-43b5-8715-f42f19c75e8b.png','13d1ee55-1d4f-48e2-9561-d64ccf064d50'),('/images/product/details/a2ecd5eb-0e10-4042-8ae0-e39fcd533fc0.png','169bcbc0-bd15-4a6c-b390-eb6c6afd2fea'),('/images/product/details/e9107ece-a205-4933-9a36-1a65f82aeab6.png','2b3755cc-904c-4606-a373-ed6091143daa'),('/images/product/details/25798c8f-0188-46a0-8f5b-89f5f6c4a300.png','28ddc1bc-1b3a-4a81-9dee-1f0682836d5b'),('/images/product/details/f4d4cd04-07d4-4743-99df-2845def6ebac.png','f2fd6802-d8d0-40d7-af91-188a606ba59b'),('/images/product/details/737b8450-f056-4c47-bc61-b47022fb038f.png','00e23d83-11bc-43e9-838c-fabc6425e1b8'),('/images/product/details/50f9b055-80ff-4795-ad43-38bf98cf4c13.png','be8c9869-36f2-4016-9bb3-df104aa7e2ea'),('/images/product/details/72019475-a80d-4597-81f1-67e2bb6ef94c.png','f60fb38a-e5ec-4106-8293-0808e6cac594'),('/images/product/details/37325da8-dde8-4702-a34d-1e5e08b644c2.png','a6df7920-c873-464a-9c9b-bbd73de5cea2');
/*!40000 ALTER TABLE `images` ENABLE KEYS */;
UNLOCK TABLES;

--
-- Table structure for table `options`
--

DROP TABLE IF EXISTS `options`;
/*!40101 SET @saved_cs_client     = @@character_set_client */;
/*!50503 SET character_set_client = utf8mb4 */;
CREATE TABLE `options` (
  `oid` varchar(200) CHARACTER SET utf8mb4 COLLATE utf8mb4_unicode_ci NOT NULL,
  `pid` varchar(200) CHARACTER SET utf8mb4 COLLATE utf8mb4_unicode_ci NOT NULL,
  `option_name` varchar(30) CHARACTER SET utf8mb4 COLLATE utf8mb4_unicode_ci NOT NULL,
  PRIMARY KEY (`oid`),
  KEY `pid` (`pid`)
) ENGINE=MyISAM DEFAULT CHARSET=utf8mb4 COLLATE=utf8mb4_unicode_ci;
/*!40101 SET character_set_client = @saved_cs_client */;

--
-- Dumping data for table `options`
--

LOCK TABLES `options` WRITE;
/*!40000 ALTER TABLE `options` DISABLE KEYS */;
INSERT INTO `options` VALUES ('7c160fa3-e5f4-4a33-9fa8-ecfc14380da4','e32c0e77-1771-4a18-abdf-53e860e92638','选择版本'),('0725166f-dceb-438a-96a0-315906ca741b','e32c0e77-1771-4a18-abdf-53e860e92638','选择颜色'),('5a093ea5-77af-476d-8be5-edec9e7a776c','7458fdaf-9be1-44fa-80db-e2d0a4204eb1','选择版本'),('ec252cd4-4fc1-4888-a318-7c30e147a0e8','7458fdaf-9be1-44fa-80db-e2d0a4204eb1','选择颜色'),('88f0a091-cdf5-46ed-9f50-b7a6024add3e','c829980a-ff71-48b1-897f-9e74613063ce','选择版本'),('200231e1-1120-418a-ad26-e393433081df','c829980a-ff71-48b1-897f-9e74613063ce','选择颜色'),('e9b52b77-9ed6-41b8-bcbd-102d25981ada','78e3d66b-de7a-468f-b387-568b29a43241','选择版本'),('5f5c9e33-56c4-4170-b0d8-f504b59622c8','78e3d66b-de7a-468f-b387-568b29a43241','选择颜色'),('4374190b-7277-45a1-90ec-7df9b2041467','9430d0d3-f578-4777-95ae-51288d1245e2','选择版本'),('9dcd849e-4679-41af-92f6-d0c7c57fcf5a','9430d0d3-f578-4777-95ae-51288d1245e2','选择颜色'),('dfb319b3-8781-4a4f-aeb6-d90ef0cb9b99','6265314b-feac-4ec9-b1c8-74e8ca1e71e1','选择版本'),('614793ab-16fd-4801-8ea6-f7653216ad74','6265314b-feac-4ec9-b1c8-74e8ca1e71e1','选择颜色'),('d1d96a4f-b791-42a7-a6b6-739c65202007','2e53fa4f-466e-4e36-bc3b-a5b74a860d69','选择版本'),('a37f286c-3ff1-499b-bfec-48c807ce3493','2e53fa4f-466e-4e36-bc3b-a5b74a860d69','选择颜色'),('0c31bfcf-768a-4259-952a-3c59b4d7c1ff','7f7a5bf1-9f66-471e-ae44-94ee250ec5f0','选择版本'),('c9528e10-420c-4546-84dc-725a3df696ff','7f7a5bf1-9f66-471e-ae44-94ee250ec5f0','选择颜色'),('2e105a4a-2506-4553-8fcb-018f5c7bd79f','1541f042-7dd5-41e3-a4a1-5b0ca6230ce3','选择版本'),('e565d92d-e6a0-4e7e-a6bf-5310db90af54','1541f042-7dd5-41e3-a4a1-5b0ca6230ce3','选择颜色'),('1a29408e-23e9-4020-8733-b2bf288ad665','6e0448bd-4f39-489e-9c0c-e7214f0d9c78','选择版本'),('ad0a45f0-43bd-437d-8834-478d020e3551','6e0448bd-4f39-489e-9c0c-e7214f0d9c78','选择颜色'),('1cefd638-94f3-43de-a8fe-6780dc2f59b1','2a24d002-8418-4068-ab23-b8b76e774272','选择版本'),('f992db30-f592-49ac-8637-8adc38102fec','2a24d002-8418-4068-ab23-b8b76e774272','选择颜色'),('a85af529-7f04-467a-9c7a-e06fb2538db9','fe8394f8-9cea-47ee-adcf-b7b078268709','选择版本'),('2de0379c-2cda-43c0-99a3-ac3f1340f79c','fe8394f8-9cea-47ee-adcf-b7b078268709','选择颜色'),('7bb2ca66-60f2-4508-880e-e2ebd4afc212','52e17c1d-2694-4650-821a-587f0091b3ea','选择颜色'),('8e898032-fd3d-4e42-aa78-84e3557c9632','52e17c1d-2694-4650-821a-587f0091b3ea','选择尺寸'),('3224dc49-08b2-4914-9349-e401bdbde2ad','678a013f-bd8d-4d71-b30d-11a972304541','选择颜色'),('0d0e2591-02bf-4b75-9cb9-545706a9b570','678a013f-bd8d-4d71-b30d-11a972304541','选择尺寸'),('e64b98d5-6d03-4075-a20e-7681c5511922','680df366-a7fd-46d6-93ec-b08f64c7b34a','选择颜色'),('748abf90-7515-4d23-bc5c-3f9fce0e9443','680df366-a7fd-46d6-93ec-b08f64c7b34a','选择尺寸'),('50a3ccae-6447-4a41-85bc-335411f88f74','5d88edaa-95f4-40ce-b9dd-893b45038bb2','选择颜色'),('ee8d3864-4029-472b-921a-f41e6c23e258','5d88edaa-95f4-40ce-b9dd-893b45038bb2','选择尺寸'),('f3b10f8f-572e-4a24-bcf7-721b31f04460','8f7c7c6f-c362-40e4-aae5-38134e5012f1','选择颜色'),('9e7c7817-9140-4a24-b7cc-10dff8a02d1f','8f7c7c6f-c362-40e4-aae5-38134e5012f1','选择尺寸'),('ccdd16b3-c248-44e0-a55a-096684ff517a','5649fcf4-6a33-48f1-9646-546182f7d846','选择颜色'),('278476b9-1676-49a2-b55c-02607d443e69','5649fcf4-6a33-48f1-9646-546182f7d846','选择尺寸'),('0456f3e4-f91e-408d-96e1-ccfaa7b88816','79e99a4a-d071-4bea-9b99-a5d3765b554a','选择配置'),('cd34602a-710b-45df-848e-103e08722b2a','79e99a4a-d071-4bea-9b99-a5d3765b554a','选择颜色'),('aa60f29c-d426-4cb1-b414-8ec7b392180f','96307129-bb06-43d9-a75e-9f04c9339b9d','选择配置'),('c9a658f2-03e9-46c2-be27-fecf72c90726','96307129-bb06-43d9-a75e-9f04c9339b9d','选择颜色'),('70ca01b3-2184-4fba-a92d-4040a20cc90b','61ea4b31-f062-48c0-8fc5-4b3a6bcccacb','选择配置'),('d905817b-2655-41ff-8490-b185f270ed8f','07e0f378-b680-49a2-bcb0-8d574c027a2c','选择配置'),('f6633ecc-6df2-443e-8abc-49ee4a32be0c','43ade02a-62e0-4955-975c-7d1efb3e992b','选择配置'),('fb279a43-8d19-42e5-b814-ec4e29a0271a','b32ed885-b5dd-4e7c-8214-fdff21b5e74e','选择配置'),('c9238adc-67f6-4623-998b-86597de1208f','b32ed885-b5dd-4e7c-8214-fdff21b5e74e','选择颜色'),('1e76ab75-de79-4535-b593-c34ec4a88ddc','8c59cd27-c5a6-46f5-84d3-206230b769c0','选择版本'),('e985e1dc-4689-41eb-acb6-e1df48bd61af','8c59cd27-c5a6-46f5-84d3-206230b769c0','选择颜色'),('4444ba49-a5bd-4a56-b7aa-7faa619a2d88','6fb0bb04-bfa7-4f83-ba6b-9936ab6a4481','选择版本'),('f6e7419d-b89e-4a60-ba9d-71ad74f87ca5','6fb0bb04-bfa7-4f83-ba6b-9936ab6a4481','选择颜色'),('e639eae3-5019-458f-bb48-959a4aa3e061','99f306a0-edf6-4f52-9779-78822f52a895','选择版本'),('116aabe1-c760-4ead-8480-f9fd6ad51324','99f306a0-edf6-4f52-9779-78822f52a895','选择颜色'),('21bd26e9-817b-47f6-8591-5349aaeaa598','052018ee-21a1-4fe2-adf0-85f136c4f185','选择版本'),('11aee3e7-7615-484b-b3f0-0ca30a37b8bf','052018ee-21a1-4fe2-adf0-85f136c4f185','选择颜色'),('5b32d484-25db-4545-811e-c94631f89cf6','e2c7f886-b16c-4b4f-832c-5f5da2b267bf','选择版本'),('03275de6-e5fb-43ab-b907-d77abc5a700e','e2c7f886-b16c-4b4f-832c-5f5da2b267bf','选择颜色'),('08e73a88-cd42-4a93-b035-d77a0c8f0a25','29f1e6f7-0704-4940-a0bd-a538d27b58e0','选择版本'),('99b1d124-10ee-4f1a-830f-00a55a7ac2e3','29f1e6f7-0704-4940-a0bd-a538d27b58e0','选择颜色'),('35136d3f-f0f2-452a-9439-f6dffe541522','f3d5baec-3196-4d7d-9580-3bfe30643d79','选择颜色'),('ec03e653-9951-4ee5-b873-c5bde30a5512','c9effa40-da70-4893-9426-947457e22fb8','选择颜色'),('4248621c-5993-4103-a780-9c0456eb6a42','e64624c9-a0f2-4ed3-b3af-047d7d7ae1fc','选择颜色'),('096c6eaf-deba-41a1-a5af-7dbfcc947a9c','54911a91-bcb6-4565-aaf8-0e7855877411','选择颜色'),('f0a4f30c-a034-4956-84a2-d87bd92e0412','d9d4ddc4-6b01-4625-99fe-db285a08e580','选择颜色'),('bb3580d6-c71b-4861-bf38-53d0fbe069c9','b29b3e6c-80b9-453b-92ce-47820528106b','选择颜色'),('13c89333-3b1e-4fff-94f3-f97df14204a6','364d98db-b660-4103-9255-7cf2dc234aad','选择颜色'),('49b796eb-8d5c-491c-ab69-261441875cf7','2caed690-761e-46af-9e1f-4e68c70978b3','选择颜色'),('6e74ad7c-6239-4f90-a97e-a7f61191a549','95e9be26-c552-470e-956a-5c19cae587d5','选择颜色'),('5fefccc2-758e-4e15-ab90-f825a32ffbb1','ec06ca29-a0b4-4cc5-b247-3cf4f49f73d3','选择颜色'),('8a31ba54-4ef8-431c-844f-b7357230d8c9','a6df7920-c873-464a-9c9b-bbd73de5cea2','选择版本'),('6a53f2d0-afd7-424e-8ad1-203f5acd6ebd','a6df7920-c873-464a-9c9b-bbd73de5cea2','选择颜色'),('69f87008-6923-4f7d-b374-2302c4c6a9b6','f60fb38a-e5ec-4106-8293-0808e6cac594','选择表壳尺寸'),('408bac7f-4809-403c-a120-775b82cdb944','f60fb38a-e5ec-4106-8293-0808e6cac594','选择表带颜色'),('519c8159-aead-485c-9570-c1a598587645','be8c9869-36f2-4016-9bb3-df104aa7e2ea','选择颜色'),('6eec01b3-2f43-4077-add1-56faddb713aa','00e23d83-11bc-43e9-838c-fabc6425e1b8','选择颜色'),('a66925f8-88ac-4a76-b169-e168ead8ca27','f2fd6802-d8d0-40d7-af91-188a606ba59b','选择颜色'),('fab0670b-2043-4c1d-a4c0-591fbb05317b','28ddc1bc-1b3a-4a81-9dee-1f0682836d5b','选择颜色'),('96fccfb2-4d9d-4598-b44a-6894c2d34770','2b3755cc-904c-4606-a373-ed6091143daa','选择颜色'),('a71f7d67-0538-4259-a83d-23552ac90145','169bcbc0-bd15-4a6c-b390-eb6c6afd2fea','选择颜色'),('c746b5d2-d7a7-4e11-a4ed-2cb3e54e136a','13d1ee55-1d4f-48e2-9561-d64ccf064d50','选择颜色'),('9281e86a-9581-4395-a141-6717fe078414','a61e9ed0-e38a-46ab-8319-05d3d3c9e131','选择颜色'),('8297c568-9719-4fc0-b092-7df4f186591a','b8b4b36a-636d-4cb7-b969-7832f3f9ecf6','选择颜色'),('e57ac719-e4c4-4e1a-9641-c0c3337c99a0','48b9dd99-9627-4ba9-b98e-3b5bd907b4b9','选择颜色'),('2ac615a5-0a8d-485b-9908-58976dfea1b6','2537065b-62d7-42ed-b9ae-d31dcc2f43d9','选择颜色'),('a7fee68e-1954-4fa8-bbbf-c7bd3ae83eb5','a908c66c-74be-412f-ba6e-f1c76b272103','选择颜色'),('1f8ec12b-7e81-46e1-8e13-b77c16198ca1','fac93314-2c1e-46f0-9656-7d3d219e7c17','选择颜色'),('66535e34-4f12-4651-b2c1-639c1f1585e8','8f2821bc-2489-4893-902c-4747bb3b90d8','选择颜色'),('999a6ceb-2d2b-4927-ae1e-7020db00cd28','6b7a16ab-e9d1-4c5d-80e4-e31130154049','选择表系列'),('7f3b9468-e816-4ca3-a6ad-88af26a5b9e9','a503355b-916c-448b-a702-30c08f13eac2','选择颜色'),('2cd982d2-1f82-4aca-85e1-8eb52636e78e','7878a909-e716-4b01-895c-f470023a6243','选择操作系统'),('b4ed9a1d-a0d6-4a32-919a-e242ab7b1309','7878a909-e716-4b01-895c-f470023a6243','选择配置'),('cd1e0e20-53a5-4662-8f70-c3086842e009','7878a909-e716-4b01-895c-f470023a6243','选择颜色'),('3b6fe3d0-c07b-483e-a017-ba198e09d1c6','66cf2136-ff40-4454-bc28-e3cdab4d27bc','选择配置'),('a3e5eca4-9bc6-4707-a662-7cd584cc2e1c','c829dc7f-6e00-4c3b-b889-f76b56ce3d9b','选择尺寸'),('53e2ddf8-e2d3-4ede-8beb-e0ebef70d28b','c829dc7f-6e00-4c3b-b889-f76b56ce3d9b','选择颜色'),('a3cf76a7-9601-4aec-9049-60f813bcf8f2','1937c437-5c03-497d-82fa-d2145031fe99','选择颜色'),('4e2179ec-75fa-4e04-9591-38cf7dab8af0','1937c437-5c03-497d-82fa-d2145031fe99','选择尺寸'),('536dc11d-7faf-4e77-9466-0250359cd98d','a075f888-c0c0-464d-bfc2-feab125ba0d5','选择颜色'),('ab79810b-b5a2-4d7f-9cf8-f6341759eb0c','a075f888-c0c0-464d-bfc2-feab125ba0d5','选择尺寸'),('b2c96dbe-2ecb-40be-8637-74bffd9855c2','a06a83f4-0b82-4de3-bcf7-19acfc3b1176','选择颜色'),('88becac4-5c70-461a-a609-b824797e173e','ff923bae-ee49-4e6f-a280-63753cdb7d1a','选择颜色'),('9cae566a-5652-4090-b3dd-80019b38b904','35eb709a-9612-4880-ad17-1222a919d046','选择颜色'),('da397d86-4386-4230-beda-b83dc5fab67b','35eb709a-9612-4880-ad17-1222a919d046','选择尺寸'),('81e88552-e2c3-4507-a812-7393d1ee217f','cee1fa43-188e-4d43-802e-cdd9f2e7c567','选择颜色'),('16846d4c-1d38-47ae-8d1a-c68888b7041b','cee1fa43-188e-4d43-802e-cdd9f2e7c567','选择尺寸'),('28b67114-053a-45a8-b106-e4e7a72581e8','367920e1-4c71-49c4-8165-bbc818918ac7','选择颜色'),('91017f50-229f-40d9-bdea-ede3c889a910','367920e1-4c71-49c4-8165-bbc818918ac7','选择尺寸'),('91cf99c4-1d2e-4390-823e-0aafeb0d2461','613c02ec-091f-438c-bb29-055e52a08611','选择颜色'),('dec821ce-f015-4845-b817-975696194203','613c02ec-091f-438c-bb29-055e52a08611','选择尺寸'),('c62ce931-a295-41da-9797-9caee1053611','01b00fbe-6c09-4f40-b713-8514cba06cca','选择颜色'),('e4b30de6-1042-49f7-b434-1b111ed9fd8c','01b00fbe-6c09-4f40-b713-8514cba06cca','选择尺寸'),('7404a3de-08f1-462b-b349-0a26f4e0530b','2cd5529c-1359-4b73-acad-d33852481177','选择颜色'),('9f21b720-ec2c-4a3a-a33e-b6159cebaf9d','0070de08-ba43-4b2f-899d-40a90e71bd15','选择颜色'),('90c64b55-005e-41ca-a79f-67bbff9d0d0c','b2035606-14ed-4bf6-9905-cea912627ae4','选择颜色'),('f2675dde-135d-47e8-90f2-0b6bfad67a7b','bb8db5d0-3352-4c1f-b107-d447f46ed324','选择颜色'),('dae5acda-2447-4ba6-8410-bf3600a58c20','6f7c2709-c945-481f-a0a0-ad80dc6d21d3','选择颜色'),('3b44fe5a-a7cb-4c6b-bfa3-66d39353c17a','0c651032-123a-4941-98be-5ebb2506ea49','选择颜色'),('72b6889f-aa74-4974-9808-d7cd9d260a44','e3bc5555-0e1c-4b7b-8c3e-31b9cb8409e0','选择颜色'),('02f076df-4495-412b-b1c6-f7cdadd9f5ca','ececc25e-1d2d-45ac-896c-ae24977c5f59','选择颜色'),('0ed314b1-f051-4493-bc60-5dfcea1268be','1e3e3f91-8956-45eb-b062-1076554494ba','选择颜色'),('8832ad16-bd52-4786-aafc-6ee2534bf790','a46bad04-6cf7-47b0-bf76-f4be27e3a873','选择颜色'),('019fa913-8fbb-4dee-9d54-70b8ecc3117a','c12550c5-63da-4dc4-ae76-6e7f0d75c7e7','选择颜色'),('b8c24314-e26e-4aec-9c80-f1a7e03ab6ae','9249921f-0c46-40d4-93f1-0959361e0591','选择颜色'),('31ed2374-be97-40c2-9fdc-eb11ed3d8226','ec6734f4-108b-4b3d-99f2-46e06e3af497','选择颜色'),('553de805-de48-4be7-9abf-5bd99c7da2e5','7e0d6d2c-1e1a-4d44-8baa-9a8d38e5317f','选择颜色'),('e484042a-be9d-4748-8e4f-faf211d9ed96','0b766692-5385-4436-9f7a-00531a96a335','选择颜色'),('e2ceebdb-cb64-4e49-b527-958cec25e879','bca9c6b1-a6cb-4202-9698-bf154c6f1cd6','选择颜色'),('25e22111-305a-41b3-b1d5-8c4e1a58715b','c2995045-18e3-487a-a22a-1e429645b2b4','选择颜色'),('bcf166a5-c06f-4e89-9e16-27262b7c19ea','74104630-412e-40be-960b-7a487c5c39b6','选择颜色'),('308dd041-002c-48d5-8780-f50e00f79bbc','c603dee6-d79c-4c59-941e-97ba142b0307','选择颜色'),('259e43c9-30d6-4eea-a19f-39e375f0dc40','7d53d563-f770-49bd-8d52-8bd68eb8d3f2','选择颜色'),('ab87df36-c320-4852-a758-435ace3dbd6d','8baa8ac3-f69c-4a5a-89fd-8ef20c4a9ddf','选择颜色'),('15288771-1192-4959-bbdc-5ae493517ebf','a89f71da-4f00-4eb7-8672-6ab0a9904b26','选择颜色'),('69eb18ae-8bf1-402b-b63b-7202e79defb2','6b5ec9e9-f4a9-46ac-a564-bcbc01c686b3','选择颜色'),('527a9614-ff85-4cf3-829d-891986d506df','909b9e54-c734-4781-8491-025185df547b','选择颜色'),('abe90d6e-3405-447d-989b-41dd67fc953e','c5dca553-1325-41c4-beea-7a2f0987cfe5','选择颜色'),('e832c9d9-0d55-494d-b877-ff945ebc1257','c771c54e-6417-462a-9da6-e1e7ebda7cf3','选择颜色'),('3d41ffd2-8690-411f-a41d-7f97518a2f33','dcdbced5-712e-4ac3-89c1-0aeb4e5a32fc','选择颜色'),('ff020904-d3b6-4b0c-b1a5-009f2ed9e491','2d6e1d1e-3b01-435f-a66d-a5f1a0fb3710','选择颜色'),('64b03963-747d-48d3-be0b-e7671d4d514d','76fbce18-537e-41aa-817d-e12971983c5f','选择颜色'),('be9bab76-2a67-41ae-99cc-4ce06e089cf1','50b38704-d771-4072-8d22-d325a20a67fc','选择颜色'),('ba869b72-e949-41e8-bc93-bdcf7c0a95c6','04a6cbc0-a4f4-441a-bf61-464b7daa10bf','选择颜色'),('36e2245d-fce0-418e-b695-67a8529da562','33395d00-2f1a-4788-9b95-39ca1d3b2a45','选择颜色'),('ea9fbe37-3a12-45aa-8cdf-9709b92b5658','a321646b-73d1-4bf6-8b28-071fdbe19215','选择颜色'),('944aa989-613b-49d2-a610-7328000be5e1','b16837ed-5dc7-4eda-89ab-6fb6f2366830','选择颜色'),('5250295b-2739-40a3-b57f-b1f3e46b6edb','ced0aff9-1176-47f9-bf58-a2a20e47d5f8','选择颜色'),('fcb6943c-46f8-4e1b-9453-3a7824c20387','72b5968c-0acf-46cc-8796-a5243f635680','选择颜色'),('a7fff123-6e45-4026-bbff-264f8df56d71','8f8a5b89-98a3-446c-8357-91a5e52381e9','选择颜色'),('aa932986-7084-4221-8d0b-eedd3d350b82','abbe9109-c34f-4488-b66f-767d082db00a','选择颜色'),('e26fb1e2-a223-480a-8f4c-3ab70c80255d','e6dc62b2-0dd5-429e-8d60-7e78d8b803cf','选择颜色'),('edfb9e07-5956-4bc8-8a82-4aa04a2fd544','65a684a2-d83d-4474-930f-652b2fbfa80f','选择净水器'),('cd180d10-a074-4a38-b49f-7b435ae79ad9','fcd6295f-c31b-4db1-aa61-f26abdd0fba2','选择颜色'),('d191c947-dd52-4cc8-b5a8-299f32cacde0','846c9f58-2e66-422e-b039-4fc1f2289c4b','选择颜色'),('8530cee5-c743-44cc-b500-25823bab953b','9f7e04cd-330e-42e7-8b77-bd0e9c506506','选择规格'),('2f65ed28-cff8-4a78-9b16-68c02bfd9e46','94ce80c5-a611-4bb3-a6f1-8b2e3edf1abe','选择颜色'),('b6e37860-888e-4c2c-8cd0-20de3e70821b','bdb12ef1-d147-468b-a4df-d2c7f1b4cf2a','选择颜色'),('30fa433d-8fcf-4252-a1cc-13d5cb9fbc7a','06be8a09-839c-4cb2-a87c-31619d7218bb','选择颜色'),('12644370-93e6-4852-ad98-5c10307ad036','9bc3cec0-921a-4db7-876e-6510910ca85a','选择颜色'),('c2d28b7f-7e24-4e16-9758-9fe8c2cb41b8','a9f99cfc-62c7-43a4-a9f3-d95a9740fd56','选择颜色'),('5b0dcbfb-8092-43db-a36a-faae7c8a8da0','4d62280a-1b69-4303-9a53-83d127a8590b','选择颜色'),('3a43f897-d9d3-4f0a-a29d-59d6d659f57e','55f381f6-148b-49a9-8ef7-4f114f4ce379','选择颜色'),('19f4ad1d-0c96-4ea0-94a7-971d3483ea88','f3108ac4-3f9c-44d6-89d8-de3bca503581','选择颜色'),('1572d2f4-7e7f-40e0-8968-1026006a737b','75e35606-6bb6-44af-afb7-c529ec1de5c1','选择颜色'),('71727654-69da-4a7e-a122-a5e747c37432','74c4beee-1a17-49fd-8466-f835b6df0d07','选择颜色'),('349beffb-1895-48bd-afc4-e960fb4aadf6','52814491-bf3e-4a77-b9f0-5c19c6a601c6','选择颜色'),('839f999c-35c4-47ee-a7be-ffe7e3dc7874','d1bfcd1d-5e6f-4ecd-ad86-9b64a408eaee','选择颜色'),('a3d4067a-69cb-4f66-a025-6f19dff05fbb','4cfc00c8-55bc-494d-80be-be7ac1756804','选择颜色'),('706a9d7a-8e47-4393-a6df-e7a7132aa23a','1c6bde47-f94b-4a24-8d4a-802b38fd106d','选择颜色'),('3a95bfd5-5781-44b7-a2e5-3a37922dfa4b','83716568-a50d-4fe0-9cde-16fbbd4f8f86','选择蒸烤箱'),('dbfd3c88-f471-43ce-92ed-4a865f2c15d0','6730c32b-964d-4a42-bb63-665e1a2f9fef','选择颜色'),('857ce26b-cf66-4c2e-9412-c0d866fa4edf','ea7da23e-d2b0-44f8-b447-ec715eaa2f99','选择颜色'),('8bd88288-7dea-4981-9733-8c9f1913300e','4e5c80eb-a5fc-48a4-acaa-f71279771596','选择颜色'),('c23dcd4a-37ce-4b4a-a936-1e84d6758d70','c66b92e9-5d59-4e70-b573-a36e965993d6','选择颜色'),('fa232e47-5699-400d-85b0-e40731f07984','540d6ad7-aa8b-4fab-a4a8-d467d46d0ce9','选择颜色'),('e95b9eef-53ec-4951-8152-43d80fbca53b','a8b41b5b-746f-4049-ad93-ca6e10c3e053','选择颜色'),('2c3eca4a-43dc-405a-92bd-36fa59b08109','5aef69d3-444f-4484-ab66-78638ee90d28','选择颜色'),('c2cfe68f-3a90-46cf-bc85-4a625a1717a3','50f2300b-1a80-46bf-9f88-5ee869444586','选择颜色'),('14d9b03a-d548-4029-acb2-3a43b44ba51f','acc4f0d3-1928-4843-86f8-c1272a67b435','选择颜色'),('a27cf64b-5829-4e90-be50-3f8fb9d5237d','bf239765-6b1f-45a7-98a8-87a16903623b','选择颜色'),('e472ac99-0b7e-43de-982d-40225f75cdca','70630bf3-392a-4755-b73d-dbb713a8743c','选择颜色'),('83e90837-e74e-4315-89d3-400c83d33c71','91dbe27c-578a-422c-9d4c-35f2c53f5477','选择颜色'),('eba79a04-2c55-47a6-9e62-d0fb602679e7','fad5dd77-c2a4-4443-b72a-86cab706c220','选择颜色'),('31cd86ee-5e24-4df2-a480-290a09a2115e','0069933f-cae6-43dd-9a1b-053e425a72da','选择颜色'),('82763790-7b1c-42d6-9011-744e15a0b6ec','e3419f14-379a-4a98-89e8-5abead7cc604','选择颜色'),('ac110d20-41db-4665-b984-acf4efbe34aa','539499f1-1fef-4fdd-a487-c086d705e9c4','选择颜色'),('ad12e4cb-9edc-4ac2-80d8-6ea79d05675b','7d7e01ea-1fec-416d-b144-e35eb96bdd44','选择颜色'),('c0c3ef21-0872-47fd-9dea-f46b35ea301e','fb41f356-431d-478d-af2b-9a8672d89ca7','选择颜色'),('2c470f4b-8f6b-4e7d-8cbd-c9d1bf57056d','988c338b-8f4a-4a18-a32f-667d7424b52e','选择颜色'),('faad990b-9bbf-4fa4-9e24-4e9ee97ec2c5','fb1a9867-43ce-406f-9681-9289868694b9','选择颜色'),('1c12183e-e49b-4e35-acd7-eb8505a4f508','9ea53567-4b7a-4e76-896b-3e4fb5bce713','选择颜色'),('60aa4b30-ad50-4537-9260-6e49c822f2c4','cd8bd9f4-7c57-4da5-9b99-30752eb7bf96','选择颜色'),('df0dd735-94e4-42e5-9e0b-7c03e408193e','6c2ce2c7-f9e5-4252-9970-fcfeae659de7','选择颜色'),('9675ccaa-6852-49b4-b76b-dbb05038031a','adc67fd8-a1e8-4898-90a3-ca3ef72c11e8','选择颜色'),('8dc182d0-7c9a-49de-b2c3-231067edb968','15ababa0-9c2a-47b8-bfe1-c1c88fd14d6d','选择颜色'),('1ea3aece-68c4-46ed-a46a-c8fcf1ec61c9','d77fa10e-0b8c-4e8d-a916-473cdb9ca1c8','选择颜色'),('b67e6c29-c071-4d55-abdc-3544ceef07f0','76775f78-8463-4ff0-8852-2224918883a2','选择规格'),('0866e8b7-e502-4a33-9434-d4684a70c479','9b900b52-f85e-4c95-9bfd-85401af597b7','选择颜色'),('7331cfca-c37c-4565-be53-cf8b9074901e','dbeed0f1-01d9-4038-9e07-6eaf47d7bb5f','选择颜色'),('a152daef-3221-4a81-b35b-1f5f5848d014','568c3287-368b-4617-ab4a-5a1e19d6f5f3','选择颜色'),('b4b0eaa6-75b3-40e3-b18a-9fab44e6dd02','522d99f2-4a6d-4969-97a4-d06dc5c76c48','选择颜色'),('443100f0-06ce-4322-bc0e-8fa2c8e6fb4a','3dfff4cb-23b0-4f3e-b028-524b688bdc1e','选择颜色'),('59dbe855-bbfe-4ba7-98d2-c83ccb16fe04','1480fb26-68e2-4d5b-8317-4f44e8b1bd82','选择颜色'),('d23a7a54-771f-497b-80eb-bb1d9fe1d10b','a196c3aa-d626-4d9a-b754-453810ca42ed','选择颜色'),('9b30bf8d-cc08-455a-8109-65cba853e0d8','7f851cd2-60f8-41ee-8cfc-9328e44ab4a1','选择颜色'),('eb739398-1e77-48a2-9cb0-c5dfbfe0f907','8e638561-b57e-4fb5-9316-f7189217eeb8','选择颜色'),('d70028f4-4b22-424a-8110-f729fe801ccd','876bafb1-a034-45c5-8353-4535b3246473','选择颜色'),('2159a0bd-30a9-4ed2-8af7-f6d078f9d616','774566bd-6467-4369-9d0d-936355d47210','选择颜色'),('fdd8963b-e2cf-423e-8feb-95a7c0dbbdeb','cf1ae0c5-40fe-4b45-9fdf-0a174df81a08','选择颜色'),('3e04acbb-51cc-42b3-bf2c-d7c1404d0dce','984a4b93-a86f-424a-b681-98ba786e193a','选择颜色'),('71eb3924-9d9e-4191-951d-29525d6d3bfe','79c4cf46-09c9-4dd1-afac-49013bd27708','选择颜色'),('7e2547a1-e1be-4bc8-ab65-531c9c38dccc','baef4c86-552d-494c-9cf1-e61620e494f9','选择颜色'),('b5828943-9257-4faa-a22d-0753cd69e540','84eed985-2449-4861-8928-1a7651af4879','选择颜色'),('2ecf54c2-a908-4364-97b2-7f2acdf0b687','b50c25da-eb41-4c52-88e7-98ad3dc511af','选择颜色'),('851daf41-47ee-4fac-a604-8b794f6856bf','8565ee90-2267-40da-b107-73bbb27fbd69','选择尺码'),('258a624f-5417-4f18-99db-49611ddd6478','8565ee90-2267-40da-b107-73bbb27fbd69','选择颜色'),('1d0ac534-0fde-4cc2-8a6a-25216cdf4abe','e2da3376-619f-4c5f-a39d-d26ccf06f615','选择颜色'),('82858c40-4efe-49a6-ac6b-770c789387a4','ea82835d-2c4a-4b8c-ade4-449e91ec5f1b','选择颜色'),('57cc81e3-94cb-4ee9-8765-ecc8e6d5585d','591cadb4-b5bb-4591-a29e-66ef0b0b4362','选择颜色'),('5052ead5-e0cb-4fbe-bbee-7072886c895d','591cadb4-b5bb-4591-a29e-66ef0b0b4362','选择尺寸'),('4d542b3d-5ea9-45de-ac89-cab1f21358b1','3993fd3a-3f38-47b7-8de9-226e0134e555','选择颜色'),('8d455f10-fd0d-43a7-b477-fe4fde53a459','3993fd3a-3f38-47b7-8de9-226e0134e555','选择尺寸'),('1f3467d9-83fd-4080-882d-c90b2d31c8b1','5fcdfbff-937a-425f-a43b-f84db679e5ce','选择颜色'),('7cbad3ef-5239-4212-b7ed-1a8e9b5678a3','2714d998-e773-4c58-a71a-90dd575fea15','选择颜色'),('da255e04-4a9d-4641-9f2d-ef15fec7eac0','2714d998-e773-4c58-a71a-90dd575fea15','选择尺寸'),('d5b73c8b-e4c9-4d12-ae67-f2ccd76b7bd8','22fec19b-3102-4080-bc82-9f9e9994a7ed','选择颜色'),('cd6a9c4d-0632-4ac3-a5a2-124c2bf1eca7','22fec19b-3102-4080-bc82-9f9e9994a7ed','选择尺寸'),('ba75aca0-9085-4f5f-a73b-6524c16b6be3','5b5d5316-834c-4edc-8173-940365ee06ed','选择颜色'),('d5a61b4c-dbda-4b55-b219-fd5a5752ea09','c723144a-d136-4b11-86c3-6191b7a768e4','选择颜色'),('9b75a4f7-1a38-4c4a-8f85-52995c3d602b','ed98578b-c06a-4b41-9d38-77978b298b6b','选择颜色'),('2f7149d6-fada-43e6-aaed-43135de349c8','ed98578b-c06a-4b41-9d38-77978b298b6b','选择容量'),('ea89a0f9-37c6-43cd-a3eb-5cd14bc282b3','042d3196-b3cd-4dd1-be39-30cc4e4c8cf4','选择颜色'),('a0a1c7a9-6a9a-41ca-85aa-21100b604aa0','ee5dcfad-cd63-4def-a8b7-0aa707cf1cd3','选择颜色'),('5c4b9660-238d-4866-ae16-edb227327a13','2c5f5103-12c6-450e-99d6-b5e8b6353b18','选择颜色'),('3846c1fd-36f5-40b4-8a82-9f6a66b13ab0','18d1365d-9891-4aa3-ad27-29d9ac913595','选择颜色'),('e17d7661-1fd9-47dc-8ed8-262c72be9ac1','fff30354-8d36-4d8c-a1b0-60270a47afdd','选择颜色'),('2660b9c2-7f74-499d-a60f-e2c04e3bbdd8','ce9faef4-dfd8-4127-a73a-76690ccfc430','选择颜色'),('483baaf9-0dec-42fa-975a-9a399460e349','532ef506-a124-45da-8237-aebdba9aec62','选择颜色');
/*!40000 ALTER TABLE `options` ENABLE KEYS */;
UNLOCK TABLES;

--
-- Table structure for table `pages`
--

DROP TABLE IF EXISTS `pages`;
/*!40101 SET @saved_cs_client     = @@character_set_client */;
/*!50503 SET character_set_client = utf8mb4 */;
CREATE TABLE `pages` (
  `pid` varchar(200) CHARACTER SET utf8mb4 COLLATE utf8mb4_unicode_ci NOT NULL,
  `description` varchar(300) CHARACTER SET utf8mb4 COLLATE utf8mb4_unicode_ci NOT NULL,
  `min_price` double NOT NULL,
  `min_old_price` double DEFAULT NULL,
  `pname` varchar(100) COLLATE utf8mb4_unicode_ci DEFAULT NULL,
  PRIMARY KEY (`pid`)
) ENGINE=MyISAM DEFAULT CHARSET=utf8mb4 COLLATE=utf8mb4_unicode_ci;
/*!40101 SET character_set_client = @saved_cs_client */;

--
-- Dumping data for table `pages`
--

LOCK TABLES `pages` WRITE;
/*!40000 ALTER TABLE `pages` DISABLE KEYS */;
INSERT INTO `pages` VALUES ('e32c0e77-1771-4a18-abdf-53e860e92638','小米龙骨转轴|徕卡光学全焦段四摄|小米澎湃电池|双E6旗舰屏幕|第二代骁龙8 领先版|大屏交互|智能大屏',10999,NULL,'Xiaomi MIX Fold 3'),('7458fdaf-9be1-44fa-80db-e2d0a4204eb1','双生双色设计 | 前置仿生双主摄 | 原生质感人像 | 超轻薄好手感 | 天玑8200-Ultra高性能处理器 | 4500mAh大电池',2499,NULL,'Xiaomi Civi 3'),('c829980a-ff71-48b1-897f-9e74613063ce','骁龙8+ 旗舰处理器 | 徕卡光学镜头 | 徕卡原生双画质 | 徕卡水印、大师镜头包 | 全场景疾速抓拍 | 5000万三主摄 | 小米自研澎湃P1芯片 | 120W小米澎湃秒充 | 4600mAh大电量 | 2K AMOLED屏',2799,3199,NULL),('78e3d66b-de7a-468f-b387-568b29a43241','「购机至高享24期免息；晒单赢50元商城红包；购机抽奖赢好礼」徕卡光学全焦段四摄| 一英寸可变光圈| 徕卡专业街拍模式| 第二代骁龙8｜2K OLED 屏幕｜5000mAh大电量｜90W 小米澎湃有线秒充｜50W Pro 小米澎湃无线秒充',7299,NULL,'Xiaomi 13 Ultra'),('9430d0d3-f578-4777-95ae-51288d1245e2','「至高优惠300元！购机享12期免息；下单抽奖赢好礼」第二代骁龙8｜徕卡专业光学镜头',4699,NULL,NULL),('6265314b-feac-4ec9-b1c8-74e8ca1e71e1','「至高优惠400元！至高24期免息；下单抽奖赢好礼」第二代骁龙8｜2K OLED 屏幕 | 徕卡专业光学镜头｜徕卡原生双画质｜徕卡75mm浮动长焦｜120W澎湃秒充',5899,NULL,NULL),('2e53fa4f-466e-4e36-bc3b-a5b74a860d69','为「重度性能用户」量身打造的双芯旗舰',3599,NULL,'Redmi K60 至尊版'),('7f7a5bf1-9f66-471e-ae44-94ee250ec5f0','「新品上市，到手价949元起，6G版本赠Xiaomi 胶囊耳机」5G 骁龙芯，大屏大电量',949,NULL,'Redmi 12 5G'),('1541f042-7dd5-41e3-a4a1-5b0ca6230ce3','「至高优惠200元，到手价1499元起」天玑 8200-Ultra 旗舰芯｜ LCD 护眼屏｜ 12GB + 512GB 超大存储｜ 5080mAh 超大电量 + 67W 旗舰闪充｜ 6400万像素快拍相机｜ 潮流小立边设计｜ 小金刚品质 坚固耐用',1499,1599,'Redmi Note 12T Pro'),('6e0448bd-4f39-489e-9c0c-e7214f0d9c78','「至高享6期分期免息；享延保、碎屏保6折优惠」第二代骁龙7+｜OLED 柔性直屏',1999,2399,'Redmi Note 12 Turbo'),('2a24d002-8418-4068-ab23-b8b76e774272','「至高优惠30元，到手价619元起；赠小米移动流量卡；购机抽奖赢好礼」高性能长续航，5000万像素超清双摄，全新多彩配色',799,NULL,NULL),('fe8394f8-9cea-47ee-adcf-b7b078268709','第二代骁龙8丨2K 高光屏丨VC 液冷散热丨索尼IMX800 大底相机+小米影像大脑2.0丨OIS光学防抖丨120W神仙秒充+30W无线秒充丨5000mAh大电量丨屏下指纹解锁',4599,NULL,NULL),('52e17c1d-2694-4650-821a-587f0091b3ea','全新自研画质引擎 | 千级分区QD-Mini LED | 2000nits 峰值亮度',14999,15999,NULL),('678a013f-bd8d-4d71-b30d-11a972304541','144HZ超高刷 3+32G 多色温色彩还原技术',3099,3499,NULL),('680df366-a7fd-46d6-93ec-b08f64c7b34a','120Hz全面屏，疾速升级',2499,2699,NULL),('5d88edaa-95f4-40ce-b9dd-893b45038bb2','双120Hz高刷 | WIFI 6高速传输 | 远场语音',12999,19999,NULL),('8f7c7c6f-c362-40e4-aae5-38134e5012f1','120Hz刷新率|3GB+32GB|远场语音',4999,NULL,'Redmi 智能电视 X85英寸'),('5649fcf4-6a33-48f1-9646-546182f7d846','4K超高清画质 | 金属全面屏 | 远场语音',2199,2399,NULL),('79e99a4a-d071-4bea-9b99-a5d3765b554a','Redmi Book Pro 15 2023 锐龙版',4599,4799,NULL),('96307129-bb06-43d9-a75e-9f04c9339b9d','45W满血标压｜2.8K 120Hz 高刷原色屏',4899,5599,'Redmi Book 14'),('61ea4b31-f062-48c0-8fc5-4b3a6bcccacb','16英寸 2.5K 165Hz 电竞大屏 | 可选 GeForce RTX™ 3050 Ti',4799,7499,'Redmi G 游戏本 2022'),('07e0f378-b680-49a2-bcb0-8d574c027a2c','可选全新锐龙7 6800H处理器，3.2K 90Hz高清屏，RTX 2050高性能独立显卡，CNC一体精雕工艺',4099,5499,'RedmiBook Pro 15 2022 锐龙版'),('43ade02a-62e0-4955-975c-7d1efb3e992b','全新AMD 锐龙 7 6800H 标压处理器 | GeForce RTX™ 3060 光追独显 | 16英寸 2.5K 240Hz 专业电竞屏',4399,7299,'Redmi G Pro 游戏本 锐龙版'),('b32ed885-b5dd-4e7c-8214-fdff21b5e74e','酷睿标压处理器|15.6‘’ 全高清大屏|大满贯接口',3199,4699,'Redmi Book 15E'),('8c59cd27-c5a6-46f5-84d3-206230b769c0','14英寸超大屏幕 | 骁龙8+旗舰处理器 | 10000mAh大容量电池 | PC级多任务 工作台 | PC级WPS',4799,NULL,NULL),('6fb0bb04-bfa7-4f83-ba6b-9936ab6a4481','骁龙8+旗舰处理器｜11英寸2.8K护眼屏｜8600mAh 67W快充｜MIUI高效办公体验',3399,NULL,'Xiaomi Pad 6 Pro'),('99f306a0-edf6-4f52-9779-78822f52a895','11英寸2.8K护眼屏｜骁龙870旗舰处理器｜8840mAh大电量｜MIUI高效办公体验',2399,NULL,'Xiaomi Pad 6'),('052018ee-21a1-4fe2-adf0-85f136c4f185','入门平板，三大升级｜屏幕升级:90Hz高刷护眼屏｜外观升级:全金属一体化机身｜系统升级:MIUI Pad大屏定制系统',1399,1599,NULL),('e2c7f886-b16c-4b4f-832c-5f5da2b267bf','12.4英寸超清大屏｜MIUI Pad 大屏定制系统｜骁龙870旗舰处理器｜10000mAh长续航',2899,3299,NULL),('29f1e6f7-0704-4940-a0bd-a538d27b58e0','骁龙860芯片 | 2.5K超清屏 | 120Hz高刷新率｜8720mAh大电池',1799,1999,NULL),('f3d5baec-3196-4d7d-9580-3bfe30643d79','海量空间，一次储够两周鲜|墨羽岩面板，颜值出众|压缩机10年质保|风冷无霜不结冰|银离子抗菌净味|智能互联',2299,2799,NULL),('c9effa40-da70-4893-9426-947457e22fb8','海量空间，20格精细分储|墨羽岩面板，9层精细打磨门体材质|风冷无霜不结冰|67cm纤薄随心放|36分贝低噪运行|智能互联',1999,2499,NULL),('a4919d79-a5c3-4faa-9c31-33e31d21c646','「潮电焕新季！以旧换新至高省1000元！6年质保」全屋快通风，就要大新风',6999,NULL,'米家新风空调 立式3匹'),('3dd0943f-d047-472c-b162-fd5a62e00381','「潮电焕新季！以旧换新至高省550元！6年质保」强劲制冷 | 高效节能 | 智能互联',2499,NULL,NULL),('e64624c9-a0f2-4ed3-b3af-047d7d7ae1fc','「到手价4999元！以旧换新至高优惠250元！晒单返50元商城红包！至高享6期免息！双独立悬挂系统| 48dB(A)安静低噪|全隐触控大屏！」三路智能投放|双独立悬挂系统|48dB(A)安静低噪|全隐触控大屏|星爵灰质感|全屋智能互联',4999,5999,'米家分区洗烘一体机 15kg'),('54911a91-bcb6-4565-aaf8-0e7855877411','「到手价2099元！以旧换新至高优惠150元！晒单返30元商城红包！至高享3期免息！电机10年质保！直驱变频电机|微蒸空气洗|模拟6种手洗动作 呵护精细面料|智能家居互联|22种洗涤程序|32°触控面板 轻松操作不弯腰|电机10年质保',2099,2399,'米家洗烘一体机 12kg'),('d9d4ddc4-6b01-4625-99fe-db285a08e580','3000兆级无线速率 | 5通路高性能信号放大器 | 全千兆网口 | 支持双宽带聚合 | WAN/LAN接口盲插 | 小米/Redmi手机专属加速 | 多设备Mesh组网',189,249,NULL),('b29b3e6c-80b9-453b-92ce-47820528106b','WiFi6增强版，宽带提速降费，匹配设备预先准备 | 6000兆级无线速率 | 6路独立信号放大器 | 支持Mesh组网，全屋无死角覆盖',469,549,NULL),('364d98db-b660-4103-9255-7cf2dc234aad','全链路万兆高速网络 | 12路高功率信号放大器 | 三频分立，高速并发 | 高通企业级处理器 | 2GB超大内存 | USB 3.0 | 双重散热系统 | 内置游戏加速器',1699,1799,NULL),('2caed690-761e-46af-9e1f-4e68c70978b3','【两台装】全屋智能上网时代，由此起航三频专业Mesh | 双路由智能组网，350㎡信号覆盖 | 8路高功率信号放大器 | 2.5G次世代网口 | 8数据流高速并发 | 11700兆无线速率 | 内置蓝牙Mesh网关 | NFC碰碰连 | 送330天游戏加速器',1299,1499,NULL),('95e9be26-c552-470e-956a-5c19cae587d5','家用基础款首选，最高支持千兆光纤 | 双核CPU千兆网口 | 高增益4天线 | 128MB大内存 | 安全防蹭网 | 儿童安全上网 | 专为小米智能家居优化',119,139,NULL),('ec06ca29-a0b4-4cc5-b247-3cf4f49f73d3','多重仿生 | 自研力控电机 | 开源共创',12999,NULL,NULL),('a6df7920-c873-464a-9c9b-bbd73de5cea2','狠快狠强，狠旗舰！',2099,2499,'Redmi K60'),('f60fb38a-e5ec-4106-8293-0808e6cac594','「开学焕新啦！至高享6期免息，低至999元起！46mm真皮表带款直降250元！」不锈钢金属中框 | 身体成分测量 | 全天血氧监测',999,NULL,'Xiaomi Watch S2'),('be8c9869-36f2-4016-9bb3-df104aa7e2ea','「开学焕新啦！至高享12期免息，低至899元！」48dB智能动态降噪｜骨声纹通话降噪 | 独立空间音频',899,1099,'Xiaomi Buds 4 Pro'),('00e23d83-11bc-43e9-838c-fabc6425e1b8','「开学焕新啦！至高享3期免息，低至399元！」40dB自适应降噪 ｜空间音频 ｜ HiFi高保真音质',399,699,'Xiaomi Buds 3 Pro'),('f2fd6802-d8d0-40d7-af91-188a606ba59b','「开学焕新啦！至高享3期免息，低至329元！」43dB 宽频降噪 | HiFi 高保真音质 | 59ms 游戏低延迟',329,399,'Xiaomi Buds 3'),('28ddc1bc-1b3a-4a81-9dee-1f0682836d5b','「开学焕新啦！黑色版来袭，低至99元！」12mm大动圈 | 28小时长续航 | 触控便捷操作',99,NULL,'Redmi Buds 4'),('2b3755cc-904c-4606-a373-ed6091143daa','「开学焕新啦！低至179元！35dB智能主动降噪」35dB智能主动降噪 | 10mm动圈单元 | 30小时长续航',179,229,'Redmi Buds 3'),('169bcbc0-bd15-4a6c-b390-eb6c6afd2fea','轻巧半入耳 | 通话降噪 | 20小时长续航',139,199,'小米真无线蓝牙耳机Air2 SE'),('13d1ee55-1d4f-48e2-9561-d64ccf064d50','「开学焕新啦！低至89元！」大尺寸动圈单元 | 20小时持久续航 | 双麦克风通话降噪',89,169,'Xiaomi骨传导耳机'),('a61e9ed0-e38a-46ab-8319-05d3d3c9e131','骨传导传声 | 轻盈机身 | IP66防水防汗',569,699,'Xiaomi降噪蓝牙耳机Necklace'),('b8b4b36a-636d-4cb7-b969-7832f3f9ecf6','「开学焕新啦！换购腕带更多优惠，至高享3期免息，低至399元起！」1.74″AMOLED炫彩大屏 | 手表级健康监测 | 独立GNSS定位',399,NULL,'Redmi Watch 3 青春版'),('48b9dd99-9627-4ba9-b98e-3b5bd907b4b9','「开学焕新啦！1.83\"超大屏幕，低至329元！」 1.83\"超大屏幕｜腕上蓝牙通话｜全天候血氧检测',329,399,'小米手环8 NFC版'),('2537065b-62d7-42ed-b9ae-d31dcc2f43d9','「开学焕新啦！至高享3期免息，低至259元！」多样快拆时尚腕带 | 跑步豆&体感互动多模式 | 多功能NFC',259,299,'小米手环8'),('a908c66c-74be-412f-ba6e-f1c76b272103','「开学焕新啦！至高享3期免息，低至219元！」多样快拆时尚腕带 | 跑步豆模式 | 体感互动拳击',219,249,'小米手环7 Pro'),('fac93314-2c1e-46f0-9656-7d3d219e7c17','「开学焕新啦！至高享3期免息，低至329元！」全彩方形大屏 | 独立GPS定位 | 全天连续血氧饱和度监测',329,399,'小米手环7'),('8f2821bc-2489-4893-902c-4747bb3b90d8','「开学焕新啦！至高享3期免息，低至229元！」1.62″AMOLED 跑道屏 | 四大专业运动数据分析 | 全天连续血氧饱和度监测',229,299,'Xiaomi Watch S1'),('6b7a16ab-e9d1-4c5d-80e4-e31130154049','「开学焕新啦！至高享6期免息，低至649元起！真皮表带款直降500元！」蓝宝石玻璃镜面 | 不锈钢中框 | 全天候血氧监测',649,1099,'Xiaomi Watch S1 Pro'),('a503355b-916c-448b-a702-30c08f13eac2','「开学焕新啦！至高享6期免息，低至1499元起！真皮表带款直降150元！」双面蓝宝石玻璃镜面丨全天候血氧监测丨微信消息回复',1499,1599,'Redmi Watch 3'),('7878a909-e716-4b01-895c-f470023a6243','2.5K超视网膜全面屏 | 一体精雕工艺',3499,4699,'RedmiBook Pro 14 锐龙版'),('66cf2136-ff40-4454-bc28-e3cdab4d27bc','全新12代英特尔处理器 | Windows 11 家庭中文版 | 2.5K 120Hz高清屏 | 可选MX550独立显卡',3699,5399,'Redmi Book Pro 14 2022'),('c829dc7f-6e00-4c3b-b889-f76b56ce3d9b','4K OLED,更薄更清晰,0nit极夜黑,低蓝光认证,全场景互联',4799,4999,'小米电视6 65” OLED'),('1937c437-5c03-497d-82fa-d2145031fe99','百级分区背光 | 双120Hz高刷 | 4.5GB+64GB',6899,7999,'小米电视6 至尊版 65英寸'),('a075f888-c0c0-464d-bfc2-feab125ba0d5','多分区背光 | MEMC动态补偿 | 杜比视界',2499,2999,'小米电视 ES55 2022款'),('e190b845-8911-45d4-9739-c3c25c6b3335','「小米划算节特惠！限时直降100元！到手价2099元！至高享6期免息！以旧换新至高省550元！6年质保」强劲制冷 | 高效节能 | 智能互联',2099,2499,'巨省电 小米空调 1.5匹新1级能效'),('a06a83f4-0b82-4de3-bcf7-19acfc3b1176','「到手价899元！以旧换新至高优惠70元！」「10kg大容量，智能称重，省水省电！」10kg大容量/智能称重,省水省电/16种洗涤模式/DIY洗涤程序',899,1499,'米家波轮洗衣机 10kg'),('ff923bae-ee49-4e6f-a280-63753cdb7d1a','高温煮洗/99.9%除螨率/内衣柔洗/婴幼护洗/16种模式/智能互联',799,1599,'米家迷你波轮洗衣机Pro 3kg'),('35eb709a-9612-4880-ad17-1222a919d046','金属全面屏 | 4K超高清 | 远场语音',2249,2899,'小米电视EA65 2022款65英寸'),('cee1fa43-188e-4d43-802e-cdd9f2e7c567','金属全面屏 | 4K超高清 | 远场语音',2999,4199,'小米电视 EA75 2022款'),('367920e1-4c71-49c4-8165-bbc818918ac7','多分区背光 | 双120Hz高刷 | HDMI 2.1接口',5999,7999,'Redmi MAX 86″ 超大屏电视'),('613c02ec-091f-438c-bb29-055e52a08611','金属全面屏 | 4K超高清 | 远场语音',1499,1899,'小米电视 EA50 2022款'),('01b00fbe-6c09-4f40-b713-8514cba06cca','全新自研画质引擎 | 千级分区QD-Mini LED | 2000nits 峰值亮度',14999,15999,'小米电视大师 86英寸 Mini LED'),('2cd5529c-1359-4b73-acad-d33852481177','智能语音召唤，清洁动口不动手',3299,3999,'米家全能扫拖机器人 1S'),('0070de08-ba43-4b2f-899d-40a90e71bd15','冠状病毒去除率>99.99%丨卫健委认证消毒机|北医三院抗菌专利技术',2099,2499,'米家消毒空气净化器'),('b2035606-14ed-4bf6-9905-cea912627ae4','2200W 强劲功率，三挡调温恒温保持，高效铝片发热体，对流循环加热不干燥',329,NULL,'米家电暖器 温控版'),('bb8db5d0-3352-4c1f-b107-d447f46ed324','加湿+火焰效果 | 悬浮外观 | 双核石墨烯速热 | 智能变频恒温',1599,NULL,'米家石墨烯踢脚线电暖器 仿真火焰版'),('6f7c2709-c945-481f-a0a0-ad80dc6d21d3','4秒通电即热 | 暖身暖屋 | 居浴两用',549,NULL,'米家石墨烯智能电暖器'),('0c651032-123a-4941-98be-5ebb2506ea49','对流循环均衡供暖 | 智能恒温节能 | 居浴两用',499,NULL,'米家踢脚线电暖器E'),('e3bc5555-0e1c-4b7b-8c3e-31b9cb8409e0','0°-180°百变折叠|石墨烯速热|1.29m超长发热体|智能恒温|智能操控，小爱同学+米家APP控制',899,NULL,'米家石墨烯折叠踢脚线电暖器 超薄版'),('ececc25e-1d2d-45ac-896c-ae24977c5f59','3秒即热，暖风不久等/70°广角送风，暖风充盈全身/智能恒温，始终如一/四种模式，满足不同需求',349,NULL,'米家立式暖风机Lite'),('1e3e3f91-8956-45eb-b062-1076554494ba','全屋对流取暖 | 石墨烯速热科技 | 智能恒温 | 智能控制',749,NULL,'米家石墨烯踢脚线电暖器'),('a46bad04-6cf7-47b0-bf76-f4be27e3a873','冬夏两用 | 3秒速热 | 直流变频电机 | 触控条 | 圆柱机身设计 | 多重安全保护',799,899,'米家直流变频两季扇'),('c12550c5-63da-4dc4-ae76-6e7f0d75c7e7','自动洗拖布+自集尘| AI+3D避障|激光导航|全场景智能联动|热风烘干',2899,4599,'米家全能扫拖机器人'),('9249921f-0c46-40d4-93f1-0959361e0591','电解水99.9%杀菌 | 高频声波震动拖地 | AI识别3D避障 | LDS激光导航 | 4000Pa大吸力 | 大电池长续航',1799,2699,'米家扫拖机器人 2Pro'),('ec6734f4-108b-4b3d-99f2-46e06e3af497','高频声波震动拖 | 99.9%抑菌拖布 | 激光避障系统 | 2800Pa澎湃吸力 | 智能互联2.0',1299,1799,'米家扫拖机器人2'),('7e0d6d2c-1e1a-4d44-8baa-9a8d38e5317f','自动倒垃圾，45天手不沾尘',1799,2999,'米家集尘扫拖机器人'),('0b766692-5385-4436-9f7a-00531a96a335','S-cross™3D避障 | 3D VSLAM视觉导航 | 3000Pa超大吸力 | 扫拖一体设计',999,1999,'米家扫拖机器人 1T'),('bca9c6b1-a6cb-4202-9698-bf154c6f1cd6','抗菌去渍二合一',1499,NULL,'米家扫拖机器人 2C'),('c2995045-18e3-487a-a22a-1e429645b2b4','AI智能场景识别 | 3D多维立体避障 | 4000Pa超大吸力 | 新一代LDS激光导航系统',2699,NULL,'米家扫拖机器人 Pro'),('74104630-412e-40be-960b-7a487c5c39b6','自动洗拖布|LDS激光导航 |ToF精准避障| 搓衣板式洗拖布 | 电解水杀菌 | 仿手擦式拖地',1859,2999,'米家免洗扫拖机器人'),('c603dee6-d79c-4c59-941e-97ba142b0307','强效除醛去味 | 99.99%抗菌抗病毒 | 母婴优选',1099,1499,'米家空气净化器 4 Pro'),('7d53d563-f770-49bd-8d52-8bd68eb8d3f2','强力去除甲醛 | 高效净化PM2.5、过敏原和细菌 | 全新强大风路，极速净化',1399,1699,'米家空气净化器Pro H 高效除菌'),('8baa8ac3-f69c-4a5a-89fd-8ef20c4a9ddf','专业级除甲醛 | 澎湃净化力，适用84㎡大空间 | 高效净化PM2.5、过敏原和细菌',1999,2199,'米家空气净化器MAX 增强版'),('a89f71da-4f00-4eb7-8672-6ab0a9904b26','新品上市 / 强效去除甲醛 /新居早入住/高效抗菌涂层，99%过滤病菌',1199,NULL,'米家空气净化器F1'),('6b5ec9e9-f4a9-46ac-a564-bcbc01c686b3','精准净化个人呼吸圈 | 开机即享洁净空气 | 除甲醛 | 吸二手烟 | 99.99%抗菌抗病毒 | 舒适风量 | 智能操控',399,NULL,'米家桌面空气净化器'),('909b9e54-c734-4781-8491-025185df547b','99.99%抗菌率 | 120m³/h甲醛CADR | 适用面积26-45㎡ | 占地面积小于A4纸 | 噪音低至35.8dB(A) | LED显示屏',599,699,'米家空气净化器 4 Lite'),('c5dca553-1325-41c4-beea-7a2f0987cfe5','99.99%抗菌抗病毒 | 除甲醛、吸附异味 | 抗霾除尘',899,999,'米家空气净化器 4'),('c771c54e-6417-462a-9da6-e1e7ebda7cf3','Featherlize™羽量化设计 | Atomo™高速轻量马达 | 超轻碳纤维材质 | 深度除螨 | 智能吸力自调节 | 智能LCD数显',1199,1499,'米家轻羽无线吸尘器'),('dcdbced5-712e-4ac3-89c1-0aeb4e5a32fc','12kPa大吸力 / 高频拍打驱螨 / UV-C除菌 / 50℃热风除湿 / 3重多效过滤 / 20cm宽吸口',199,219,'米家除螨仪'),('2d6e1d1e-3b01-435f-a66d-a5f1a0fb3710','16kPa大吸力 | 流畅导风通道 | 轻量化主机 | 纤薄可旋转地刷 | 三重高效过滤 | 多场景使用',199,NULL,'米家吸尘器'),('76fbce18-537e-41aa-817d-e12971983c5f','13KPa吸力，高效除尘 | 99.5%整机高效过滤 | 轻巧便携，车家两用',219,249,'米家随手吸尘器'),('50b38704-d771-4072-8d22-d325a20a67fc','150AW吸入功率 | 多锥旋风分离系统 | 智能感应地刷 | LCD高清数显屏',1199,1399,'米家无线吸尘器K10'),('04a6cbc0-a4f4-441a-bf61-464b7daa10bf','强效吸力 / UV紫外线杀菌 / 高频深度拍打 / 轻便无线充电',599,649,'米家无线除螨仪'),('33395d00-2f1a-4788-9b95-39ca1d3b2a45','高速无刷电机 | 17kPa强劲吸力 | 1.2kg轻量主机 | 45min持久续航 | 三重高效过滤 | 配备多种刷头',499,NULL,'米家无线吸尘器Lite'),('a321646b-73d1-4bf6-8b28-071fdbe19215','双刷同步吸 | 360°灵活万向 | 可180°放平 | 超轻主机',799,999,'米家双刷无线吸尘器'),('b16837ed-5dc7-4eda-89ab-6fb6f2366830','双RO滤芯8级精滤',2899,3499,'小米双核净水器1200G'),('ced0aff9-1176-47f9-bf58-a2a20e47d5f8','20m³/min|400Pa静压|隔空手势',949,1199,'米家侧吸油烟机S1'),('72b5968c-0acf-46cc-8796-a5243f635680','RO滤芯6年免换，符合母婴标准',3699,4599,'米家净水器1600G'),('8f8a5b89-98a3-446c-8357-91a5e52381e9','净水加热一体入门款',2299,3499,'小米即热净水器Q600'),('abbe9109-c34f-4488-b66f-767d082db00a','净水入门首选，超高价比，直饮生活双出水',1199,1499,'小米净水器H600G'),('e6dc62b2-0dd5-429e-8d60-7e78d8b803cf','年度爆款，5年免换RO滤芯，多腔低音泵',1999,2499,'米家净水器1000G'),('65a684a2-d83d-4474-930f-652b2fbfa80f','5年长效RO滤芯，双出水设计',1699,1999,'小米净水器H800G Pro'),('fcd6295f-c31b-4db1-aa61-f26abdd0fba2','家有母婴孩童优选',2899,3999,'小米即热净水器Q800'),('846c9f58-2e66-422e-b039-4fc1f2289c4b','21m³/min大风量 / 900mm宽幅拢烟 / 53dB低噪音 / 5年质保',1499,NULL,'米家互联网吸油烟机'),('9f7e04cd-330e-42e7-8b77-bd0e9c506506','4200W大火力，猛火爆炒无压力 / 三重补齐设计，节能省时省气 / 10种安全保障 / 230°无级调火',549,699,'米家燃气灶S1 4200W'),('94ce80c5-a611-4bb3-a6f1-8b2e3edf1abe','IH电磁加热 | 蓄压球技术，焖出米饭原香 |智显小黑屏显，一目了然 | NFC 闪连食谱',369,499,'米家智能电饭煲 微压版 3L'),('bdb12ef1-d147-468b-a4df-d2c7f1b4cf2a','一锅双胆，不串味 | 9挡调节口感 | 24小时智能预约 | APP智能食谱，云端食谱一键烹饪 | 手动排气按钮，不易烫伤',369,399,'米家智能电压力锅5L'),('06be8a09-839c-4cb2-a87c-31619d7218bb','3L、4L可选 | 650W大功率 | 支持20分钟热水快饭 | 一键调节加热时间 | 搭配可得24种模式',159,NULL,'米家电饭煲C1'),('9bc3cec0-921a-4db7-876e-6510910ca85a','2.5L精致容量 | 焖炖煲煮一机多能 | APP智能食谱 | 多项安全保护',269,299,'米家智能电压力锅2.5L'),('a9f99cfc-62c7-43a4-a9f3-d95a9740fd56','变压沸煮 | 智能微泄压 | 中途开盖 | 安全锁压结构 | 全新 OLED 触控交互体验',569,599,'米家智能调压电压力锅5L'),('4d62280a-1b69-4303-9a53-83d127a8590b','压力IH加热 | 灰铸铁涟漪纹粉体涂层内胆 | OLED触控交互 | 3L容量',899,999,'米家智能压力IH电饭煲1S 3L'),('55f381f6-148b-49a9-8ef7-4f114f4ce379','可视化烹饪 | 无涂层玻璃内胆 | 沥汤蒸饭&慢炖 | OLED屏显智能交互',499,699,'米家透明蒸汽电饭煲 4L'),('f3108ac4-3f9c-44d6-89d8-de3bca503581','28分钟超快饭|体积更小|精致简约|IoT互联海量食谱',179,199,'米家智能小饭煲 2'),('75e35606-6bb6-44af-afb7-c529ec1de5c1','蒸烤烘炸炖一机多用 | 30秒疾速出蒸汽 | 自带净水过滤盒，支持智能操控',999,1499,'米家智能蒸烤箱'),('74c4beee-1a17-49fd-8466-f835b6df0d07','智能APP操控 | 平板式加热 | 专项分类解冻 | 20L容量 | 30+精选食谱',409,449,'米家微波炉'),('52814491-bf3e-4a77-b9f0-5c19c6a601c6','健康炸，快速烹 / 宽域温区，24小时烹饪 / 24小时智能预约 / 丰富智能食谱 / 抽锅断电 / OLED屏智能交互',299,399,'米家智能空气炸锅3.5 L'),('d1bfcd1d-5e6f-4ecd-ad86-9b64a408eaee','32L大容积 |上下独立控温 | 风循环 | 40°C恒温发酵 | 120分钟定时 | 支持免定时持续运行',299,329,'米家电烤箱'),('4cfc00c8-55bc-494d-80be-be7ac1756804','微烤一机多用，满足双重需求 | 微晶平板加热，石英烧烤 | 米家APP智能操控 | 23L大容积',509,549,'米家智能微烤一体机'),('1c6bde47-f94b-4a24-8d4a-802b38fd106d','5ml复酥蒸汽烤 | 12L精致容量 | 1300W大功率 | NTC 高精度控温 | 1°精准调温 | 1秒精准时间调节 | APP智能操控',249,299,'米家智能蒸汽小烤箱 12L'),('83716568-a50d-4fe0-9cde-16fbbd4f8f86','58L家庭大容量 | 智能蒸烤炸 | 双喷澎湃蒸汽',2999,3499,'米家智能嵌入式蒸烤一体机 S1'),('6730c32b-964d-4a42-bb63-665e1a2f9fef','可视化烹饪丨 4L大容量丨APP云食谱丨智能互联 | 食品接触级不粘涂层',329,449,'米家智能空气炸锅Pro 4L'),('ea7da23e-d2b0-44f8-b447-ec715eaa2f99','HARMAN工程师专业调音高保真智能音箱，HARMAN工程师专业调音 | 现代极简设计 | 小爱同学全能助理',499,549,'Xiaomi Sound'),('4e5c80eb-a5fc-48a4-acaa-f71279771596','赠送家财险，下单前请扫二维码查询是否支持安装~ 3D结构光人脸识别 | 直插芯全自动锁体 | 8种开锁方式 | MIoT+Homekit双平台智能控制',2599,3299,'小米人脸识别智能门锁 X'),('c66b92e9-5d59-4e70-b573-a36e965993d6','MIUI Home｜10.1\" 高清大屏｜仰角可调｜立体声双扬声器｜红外遥控 | 115°超广角摄像头｜全场景家庭沟通｜8大视频平台｜儿童模式｜小爱同学｜家庭 KTV｜摄像头隐私挡板',949,999,'Xiaomi智能家庭屏 10'),('540d6ad7-aa8b-4fab-a4a8-d467d46d0ce9','内置红外遥控，一句话控制传统家电内置红外遥控，一句话控制传统家电 | LED时钟显示，自适应亮度调节',129,149,'小米小爱音箱Play 增强版'),('a8b41b5b-746f-4049-ad93-ca6e10c3e053','声音实力派，入门级首选！语音遥控数千款智能产品 | 海量优质有声资源，小爱同学生活助理',99,109,'小米小爱音箱 Play'),('5aef69d3-444f-4484-ab66-78638ee90d28','Hi-Fi级音频芯片，旗舰级音质WiFi+红外+蓝牙，传统家电变智能 | Hi-Fi级音频芯片，旗舰级音质',279,299,'小米小爱音箱 Pro'),('50f2300b-1a80-46bf-9f88-5ee869444586','经典延续，体验升级低频饱满有深度，人声清晰有细节 | 海量优质有声资源，小爱同学生活助理',179,199,'小米AI音箱（第二代）'),('acc4f0d3-1928-4843-86f8-c1272a67b435','多种主题、简约外观，摆在哪都好看可视化智能家居，看得见，触得到 | 海量优质有声资源，视频、动画片、绘本全都有',229,269,'小米小爱触屏音箱'),('bf239765-6b1f-45a7-98a8-87a16903623b','Hi-Fi级音频芯片，旗舰级音质Hi-Fi级音频芯片，旗舰级音质 | 支持AUX IN接口，你的桌面有源音箱',229,249,'小米小爱音箱'),('70630bf3-392a-4755-b73d-dbb713a8743c','首次免费上门安装，3年免费保修；下单前请扫二维码查询是否支持安装~3D半导体指纹识别 | 7种开锁方式 | 蓝宝石防刮指纹区 | 18个月超长续航',1099,1299,'小米智能门锁 1S'),('91dbe27c-578a-422c-9d4c-35f2c53f5477','首次免费上门安装，3年免费保修~下单前请扫描二维码查询是否支持安装高清超广角摄像头 | 门口逗留侦测 | 可视化远程对讲 | 电子门铃功能 | 7大开锁方式 | 直插式C级锁芯 | 蓝宝石防刮指纹区 | 丰富智能联动',1299,1599,'小米智能门锁 Pro'),('fad5dd77-c2a4-4443-b72a-86cab706c220','首次免费上门安装，3年免费保修~下单前请扫二维码查询是否支持安装~疾速全自动锁体 | 多维半导体指纹 | 7种开锁方式 | 直插式C级锁芯 | 多场景智能联动',1299,1799,'小米全自动智能门锁'),('0069933f-cae6-43dd-9a1b-053e425a72da','首次免费上门安装，3年免费保修~下单前请扫二维码查询是否支持安装~172°高清超广角摄像头 | 智能AI人形侦测录像 | 高端全自动锁体 | 多维半导体指纹 |',1699,2199,'小米全自动智能门锁 Pro'),('e3419f14-379a-4a98-89e8-5abead7cc604','首次免费上门安装，3年免费保修~下单前请扫二维码查询是否支持安装~6种开锁方式丨直插式C级锁芯丨3D半导体指纹识别 | 电子门铃功能 | 18个月超长续航',999,NULL,'小米智能门锁 E'),('539499f1-1fef-4fdd-a487-c086d705e9c4','首次免费上门安装，3年免费保修~下单前请扫二维码查询是否支持安装~全面板推拉设计 | 创新设计防夹手 | 疾速全自动锁体 | 直插式C级锁芯 | 7种开锁方式',1299,1899,'小米智能门锁M20'),('7d7e01ea-1fec-416d-b144-e35eb96bdd44','1080P高清摄像 | 红外高清夜视 | 7*24小时门前监控 | 3-6个月超长续航 | 米家智能联动 | 变声通话 | 安全加密存储',599,699,'小米智能猫眼1S'),('fb41f356-431d-478d-af2b-9a8672d89ca7','WiFi6畅销款，满足常规家用网速升级，信号放大需求 | 3000兆级无线速率 | 多机型混合Mesh组网，全屋无死角覆盖',329,349,'小米路由器AX3000'),('988c338b-8f4a-4a18-a32f-667d7424b52e','家用基础款首选，最高支持千兆光纤 | 双核CPU千兆网口 | 高增益4天线 | 128MB大内存 | 安全防蹭网 | 儿童安全上网 | 专为小米智能家居优化',129,139,'小米路由器4A千兆版'),('fb1a9867-43ce-406f-9681-9289868694b9','WiFi6爆款，满足常规家用网速升级，信号放大需求 | 3000兆级无线速率 | 多机型混合Mesh组网，全屋无死角覆盖',209,269,'Redmi路由器AX3000'),('9ea53567-4b7a-4e76-896b-3e4fb5bce713','疾速WiFi 6 | 3200兆无线速率 | 混合Mesh组网，全屋无死角覆盖',329,NULL,'Redmi路由器AX1800'),('cd8bd9f4-7c57-4da5-9b99-30752eb7bf96','高增益天线，信号更强 | 64MB 内存，运行稳定 | APP智能管理 | 红包 WiFi，帮你赚钱',79,NULL,'Redmi路由器AX6S'),('6c2ce2c7-f9e5-4252-9970-fcfeae659de7','2033Mbps无线速率 | 2.4G/5G双频并发 | 全千兆网口 | 双核四线程CPU 6根高增益全向天线 | 6路高性能信号放大器 | 小米智能家居优化连接 | 128M大内存 | 内置网易UU游戏加速',169,199,'小米路由器4C'),('adc67fd8-a1e8-4898-90a3-ca3ef72c11e8','WiFi6增强版，宽带提速降费，匹配设备预先准备 | 6000兆级无线速率 | 6路独立信号放大器 | 支持Mesh组网，全屋无死角覆盖',469,549,'Redmi路由器AC2100'),('15ababa0-9c2a-47b8-bfe1-c1c88fd14d6d','WiFi6增强版，宽带提速降费，匹配设备预先准备 | 6000兆级无线速率 | 6路独立信号放大器 | 支持Mesh组网，全屋无死角覆盖',999,1299,'小米路由器AX6000'),('d77fa10e-0b8c-4e8d-a916-473cdb9ca1c8','远程控制 / 小爱声控 / 睡后调温 / 电量统计',69,79,'米家空调伴侣2'),('76775f78-8463-4ff0-8852-2224918883a2','小爱语音控制/ 智能联动/OTA升级/更换便捷',69,NULL,'小米米家智能开关'),('9b900b52-f85e-4c95-9bfd-85401af597b7','开合记录|光照强弱判断|超时未关提醒',49,NULL,'小米门窗传感器2'),('dbeed0f1-01d9-4038-9e07-6eaf47d7bb5f','小米天然气卫士',159,179,'小米天然气卫士'),('568c3287-368b-4617-ab4a-5a1e19d6f5f3','温湿度监测 / 电子墨水屏 / 智能互联 / 灵活摆放',89,99,'小米米家电子温湿度计Pro'),('522d99f2-4a6d-4969-97a4-d06dc5c76c48','金融级安全芯片 | 一卡一证加密防复制 | 手机即可删除遗失门卡避免安全隐患 | 轻巧便捷 简约设计',49,NULL,'小米智能门锁NFC卡 全球版'),('3dfff4cb-23b0-4f3e-b028-524b688bdc1e','22km长续航 | APP智控 | 全球热销160W+ | 400项专利技术 | 15重安全保障',1999,2199,'九号平衡车'),('1480fb26-68e2-4d5b-8317-4f44e8b1bd82','心率课程控速｜省心免安装｜极简折叠设计｜课程智能调速｜降噪不扰邻',2299,2699,'米家跑步机'),('a196c3aa-d626-4d9a-b754-453810ca42ed','铝合金停车支架 / 可折叠拉杆 / 越野风格外观 / 22km 长续航',2399,2599,'九号平衡车燃动版'),('7f851cd2-60f8-41ee-8cfc-9328e44ab4a1','35km长续航 | 一键自动跟随 | 搭载云台 | 智能灯光系统',3299,3499,'九号平衡车 Plus'),('8e638561-b57e-4fb5-9316-f7189217eeb8','30km长续航 | 智能交互表盘 | 3步快速折叠 | 电池安全系统 | 双重刹车系统',1999,2199,'米家电动滑板车1S'),('876bafb1-a034-45c5-8353-4535b3246473','45km长续航｜三速自由切换｜25km/h｜多功能控制面板｜3步快速折叠',2799,3099,'小米米家电动滑板车Pro'),('774566bd-6467-4369-9d0d-936355d47210','与兰博基尼合作设计/全新风冷式轮毂电机/40km/h 极速/可变身为平衡车/大容量风冷电池组/引擎声浪模拟系统',9999,NULL,'九号卡丁车Pro兰博基尼汽车定制版'),('cf1ae0c5-40fe-4b45-9fdf-0a174df81a08','纯粹驾驶乐趣 / 赛车式运动外观 / 多重安全保障 / 车身长度4挡调节',2799,2999,'九号平衡车 改装套件（不含平衡车）'),('984a4b93-a86f-424a-b681-98ba786e193a','“轻”装上阵才够Young',1699,1999,'米家电动滑板车 3 青春版'),('79c4cf46-09c9-4dd1-afac-49013bd27708','G字型传感器 / 高精准BIA芯片 / 13项身体数据 / 平衡能力测试',99,NULL,'小米体脂秤2'),('baef4c86-552d-494c-9cf1-e61620e494f9','精准测量 / 高精度锰钢传感器 / 起重低至100G / 一杯水都能测 / 身体平衡能力评估 / 单脚闭目即测即得 / 理想体重测算 了解自己应该多重',69,NULL,'小米体重秤2'),('84eed985-2449-4861-8928-1a7651af4879','降噪不扰邻｜折叠收纳省空间｜脚感控速黑科技｜省心免安装｜联动米家APP',1499,1799,'米家走步机'),('b50c25da-eb41-4c52-88e7-98ad3dc511af','370g轻巧机身 | 智能压感提速 | 智能压感提力 | 智能提示灯环',299,399,'米家mini筋膜枪'),('8565ee90-2267-40da-b107-73bbb27fbd69','60秒心电监测/每秒250次高采样率/智能ADI心电芯片/零触感/可机洗',249,NULL,'米家运动心电T恤'),('e2da3376-619f-4c5f-a39d-d26ccf06f615','10mm振幅深层激活 | 3200R/min 频率极速缓痛 | 570mN 推力高效恢复',449,499,'米家筋膜枪'),('ea82835d-2c4a-4b8c-ade4-449e91ec5f1b','足不出户，走出好身材',1399,1599,'米家走步机（扶手版）'),('591cadb4-b5bb-4591-a29e-66ef0b0b4362','坚韧轻巧 / 科思创PC材质 / 万向静音轮 / 坚固耐磨 / 顺滑拉杆',249,349,'小米旅行箱 20英寸'),('3993fd3a-3f38-47b7-8de9-226e0134e555','坚韧轻巧 / 科思创PC材质 / 万向静音轮 / 坚固耐磨 / 顺滑拉杆',349,449,'小米旅行箱 24英寸'),('5fcdfbff-937a-425f-a43b-f84db679e5ce','高性能铝镁合金/新一代TSA密码锁/对比一代更能装',799,999,'小米金属旅行箱 2'),('2714d998-e773-4c58-a71a-90dd575fea15','可选尺寸：20英寸、24英寸，环保材料，轻便重量，坚韧有型，4色可选',179,199,'小米旅行箱 青春款 系列'),('22fec19b-3102-4080-bc82-9f9e9994a7ed','前开盖快取设计，科思创三层PC材质，TSA双密码锁，20寸标准登机箱',399,NULL,'小米轻商务旅行箱 20英寸'),('5b5d5316-834c-4edc-8173-940365ee06ed','可容纳15.6英寸电脑 / 耐磨防水 / 方形简约造型 / 轻巧坚固',129,149,'小米极简都市双肩包 2'),('c723144a-d136-4b11-86c3-6191b7a768e4','双仓收纳 / 减压缓震 / 立体有型 / 4 级防泼水',79,99,'小米经典商务双肩包 2'),('ed98578b-c06a-4b41-9d38-77978b298b6b','城市休闲 / 简约设计 / 多容量选择 / 防泼水',39,NULL,'小米小背包'),('042d3196-b3cd-4dd1-be39-30cc4e4c8cf4','预设压力充到即停|内置锂电池|更快充气速度',199,NULL,'米家充气宝1S'),('ee5dcfad-cd63-4def-a8b7-0aa707cf1cd3','2K超清/140°超广角/智能语音声控/3D降噪夜视',479,NULL,'小米记录仪2 2K版'),('2c5f5103-12c6-450e-99d6-b5e8b6353b18','5W发射功率 / UV双段 / IP65 / 超长待机 / 位置共享',429,449,'小米对讲机2'),('18d1365d-9891-4aa3-ad27-29d9ac913595','轻薄机身 / 位置共享 / 手机写频 / FM 收音机',249,NULL,'小米对讲机1S'),('fff30354-8d36-4d8c-a1b0-60270a47afdd','一键测量/精准可靠/370mAh 大容量电池/Type-C 充电/智能app遥控',169,199,'米家智能激光测距仪'),('ce9faef4-dfd8-4127-a73a-76690ccfc430','两档可调节扭矩/磁吸收纳批头盒/24枚S2钢精密批头/满电可打400+颗精密螺丝',149,169,'米家电动精修螺丝刀'),('532ef506-a124-45da-8237-aebdba9aec62','5N.m 大扭矩 / 2000mAh 大容量电池 / 12 枚 S2 钢批头 / 整体收纳',159,199,'米家电动螺丝刀');
/*!40000 ALTER TABLE `pages` ENABLE KEYS */;
UNLOCK TABLES;
/*!40103 SET TIME_ZONE=@OLD_TIME_ZONE */;

/*!40101 SET SQL_MODE=@OLD_SQL_MODE */;
/*!40014 SET FOREIGN_KEY_CHECKS=@OLD_FOREIGN_KEY_CHECKS */;
/*!40014 SET UNIQUE_CHECKS=@OLD_UNIQUE_CHECKS */;
/*!40101 SET CHARACTER_SET_CLIENT=@OLD_CHARACTER_SET_CLIENT */;
/*!40101 SET CHARACTER_SET_RESULTS=@OLD_CHARACTER_SET_RESULTS */;
/*!40101 SET COLLATION_CONNECTION=@OLD_COLLATION_CONNECTION */;
/*!40111 SET SQL_NOTES=@OLD_SQL_NOTES */;

-- Dump completed on 2023-09-10 17:17:04
